chr1	1	1000000	3894
chr1	1000001	2000000	11828
chr1	2000001	3000000	5319
chr1	3000001	4000000	4385
chr1	4000001	5000000	595
chr1	5000001	6000000	296
chr1	6000001	7000000	4726
chr1	7000001	8000000	1251
chr1	8000001	9000000	1196
chr1	9000001	10000000	2401
chr1	10000001	11000000	1989
chr1	11000001	12000000	2313
chr1	12000001	13000000	904
chr1	13000001	14000000	951
chr1	14000001	15000000	424
chr1	15000001	16000000	1949
chr1	16000001	17000000	3203
chr1	17000001	18000000	821
chr1	18000001	19000000	1517
chr1	19000001	20000000	1373
chr1	20000001	21000000	1545
chr1	21000001	22000000	2084
chr1	22000001	23000000	1296
chr1	23000001	24000000	2867
chr1	24000001	25000000	1514
chr1	25000001	26000000	1839
chr1	26000001	27000000	3242
chr1	27000001	28000000	2465
chr1	28000001	29000000	2022
chr1	29000001	30000000	1121
chr1	30000001	31000000	507
chr1	31000001	32000000	1687
chr1	32000001	33000000	3127
chr1	33000001	34000000	1366
chr1	34000001	35000000	1246
chr1	35000001	36000000	1656
chr1	36000001	37000000	1341
chr1	37000001	38000000	1960
chr1	38000001	39000000	1416
chr1	39000001	40000000	2618
chr1	40000001	41000000	2037
chr1	41000001	42000000	1034
chr1	42000001	43000000	1575
chr1	43000001	44000000	1945
chr1	44000001	45000000	1867
chr1	45000001	46000000	1507
chr1	46000001	47000000	1871
chr1	47000001	48000000	1873
chr1	48000001	49000000	265
chr1	49000001	50000000	102
chr1	50000001	51000000	1478
chr1	51000001	52000000	804
chr1	52000001	53000000	1602
chr1	53000001	54000000	1454
chr1	54000001	55000000	1469
chr1	55000001	56000000	303
chr1	56000001	57000000	357
chr1	57000001	58000000	355
chr1	58000001	59000000	1104
chr1	59000001	60000000	442
chr1	60000001	61000000	119
chr1	61000001	62000000	860
chr1	62000001	63000000	794
chr1	63000001	64000000	1090
chr1	64000001	65000000	753
chr1	65000001	66000000	1268
chr1	66000001	67000000	360
chr1	67000001	68000000	673
chr1	68000001	69000000	421
chr1	69000001	70000000	440
chr1	70000001	71000000	432
chr1	71000001	72000000	419
chr1	72000001	73000000	223
chr1	73000001	74000000	86
chr1	74000001	75000000	166
chr1	75000001	76000000	565
chr1	76000001	77000000	323
chr1	77000001	78000000	768
chr1	78000001	79000000	253
chr1	79000001	80000000	218
chr1	80000001	81000000	211
chr1	81000001	82000000	469
chr1	82000001	83000000	198
chr1	83000001	84000000	259
chr1	84000001	85000000	945
chr1	85000001	86000000	1096
chr1	86000001	87000000	845
chr1	87000001	88000000	586
chr1	88000001	89000000	459
chr1	89000001	90000000	855
chr1	90000001	91000000	992
chr1	91000001	92000000	747
chr1	92000001	93000000	1159
chr1	93000001	94000000	1003
chr1	94000001	95000000	739
chr1	95000001	96000000	454
chr1	96000001	97000000	375
chr1	97000001	98000000	104
chr1	98000001	99000000	339
chr1	99000001	100000000	549
chr1	100000001	101000000	769
chr1	101000001	102000000	190
chr1	102000001	103000000	309
chr1	103000001	104000000	295
chr1	104000001	105000000	233
chr1	105000001	106000000	110
chr1	106000001	107000000	179
chr1	107000001	108000000	590
chr1	108000001	109000000	1057
chr1	109000001	110000000	2023
chr1	110000001	111000000	1897
chr1	111000001	112000000	1349
chr1	112000001	113000000	1350
chr1	113000001	114000000	869
chr1	114000001	115000000	716
chr1	115000001	116000000	783
chr1	116000001	117000000	852
chr1	117000001	118000000	614
chr1	118000001	119000000	314
chr1	119000001	120000000	839
chr1	120000001	121000000	1487
chr1	121000001	122000000	1036
chr1	122000001	123000000	24
chr1	123000001	124000000	0
chr1	124000001	125000000	0
chr1	125000001	126000000	484
chr1	126000001	127000000	0
chr1	127000001	128000000	0
chr1	128000001	129000000	0
chr1	129000001	130000000	0
chr1	130000001	131000000	0
chr1	131000001	132000000	0
chr1	132000001	133000000	0
chr1	133000001	134000000	0
chr1	134000001	135000000	0
chr1	135000001	136000000	0
chr1	136000001	137000000	0
chr1	137000001	138000000	0
chr1	138000001	139000000	0
chr1	139000001	140000000	0
chr1	140000001	141000000	0
chr1	141000001	142000000	0
chr1	142000001	143000000	0
chr1	143000001	144000000	2040
chr1	144000001	145000000	2764
chr1	145000001	146000000	2256
chr1	146000001	147000000	1262
chr1	147000001	148000000	1108
chr1	148000001	149000000	2128
chr1	149000001	150000000	2363
chr1	150000001	151000000	1691
chr1	151000001	152000000	2227
chr1	152000001	153000000	768
chr1	153000001	154000000	1541
chr1	154000001	155000000	1676
chr1	155000001	156000000	3595
chr1	156000001	157000000	3414
chr1	157000001	158000000	508
chr1	158000001	159000000	362
chr1	159000001	160000000	650
chr1	160000001	161000000	760
chr1	161000001	162000000	4612
chr1	162000001	163000000	751
chr1	163000001	164000000	225
chr1	164000001	165000000	282
chr1	165000001	166000000	976
chr1	166000001	167000000	852
chr1	167000001	168000000	1125
chr1	168000001	169000000	615
chr1	169000001	170000000	485
chr1	170000001	171000000	378
chr1	171000001	172000000	452
chr1	172000001	173000000	290
chr1	173000001	174000000	567
chr1	174000001	175000000	646
chr1	175000001	176000000	354
chr1	176000001	177000000	426
chr1	177000001	178000000	238
chr1	178000001	179000000	599
chr1	179000001	180000000	1241
chr1	180000001	181000000	1307
chr1	181000001	182000000	784
chr1	182000001	183000000	1011
chr1	183000001	184000000	669
chr1	184000001	185000000	759
chr1	185000001	186000000	552
chr1	186000001	187000000	383
chr1	187000001	188000000	221
chr1	188000001	189000000	192
chr1	189000001	190000000	348
chr1	190000001	191000000	114
chr1	191000001	192000000	321
chr1	192000001	193000000	111
chr1	193000001	194000000	359
chr1	194000001	195000000	186
chr1	195000001	196000000	53
chr1	196000001	197000000	176
chr1	197000001	198000000	704
chr1	198000001	199000000	302
chr1	199000001	200000000	183
chr1	200000001	201000000	1035
chr1	201000001	202000000	1441
chr1	202000001	203000000	1487
chr1	203000001	204000000	864
chr1	204000001	205000000	1012
chr1	205000001	206000000	1560
chr1	206000001	207000000	1054
chr1	207000001	208000000	834
chr1	208000001	209000000	303
chr1	209000001	210000000	728
chr1	210000001	211000000	526
chr1	211000001	212000000	1398
chr1	212000001	213000000	1388
chr1	213000001	214000000	438
chr1	214000001	215000000	754
chr1	215000001	216000000	322
chr1	216000001	217000000	100
chr1	217000001	218000000	443
chr1	218000001	219000000	377
chr1	219000001	220000000	346
chr1	220000001	221000000	1173
chr1	221000001	222000000	289
chr1	222000001	223000000	441
chr1	223000001	224000000	824
chr1	224000001	225000000	1000
chr1	225000001	226000000	1341
chr1	226000001	227000000	1859
chr1	227000001	228000000	1265
chr1	228000001	229000000	7013
chr1	229000001	230000000	1166
chr1	230000001	231000000	893
chr1	231000001	232000000	1356
chr1	232000001	233000000	452
chr1	233000001	234000000	704
chr1	234000001	235000000	1050
chr1	235000001	236000000	1270
chr1	236000001	237000000	1052
chr1	237000001	238000000	523
chr1	238000001	239000000	231
chr1	239000001	240000000	357
chr1	240000001	241000000	664
chr1	241000001	242000000	572
chr1	242000001	243000000	471
chr1	243000001	244000000	764
chr1	244000001	245000000	1408
chr1	245000001	246000000	925
chr1	246000001	247000000	979
chr1	247000001	248000000	1566
chr1	248000001	248956422	1103
chr2	1	1000000	2722
chr2	1000001	2000000	1264
chr2	2000001	3000000	199
chr2	3000001	4000000	1589
chr2	4000001	5000000	265
chr2	5000001	6000000	832
chr2	6000001	7000000	490
chr2	7000001	8000000	133
chr2	8000001	9000000	766
chr2	9000001	10000000	1468
chr2	10000001	11000000	2479
chr2	11000001	12000000	1282
chr2	12000001	13000000	469
chr2	13000001	14000000	91
chr2	14000001	15000000	396
chr2	15000001	16000000	504
chr2	16000001	17000000	410
chr2	17000001	18000000	552
chr2	18000001	19000000	254
chr2	19000001	20000000	633
chr2	20000001	21000000	1517
chr2	21000001	22000000	164
chr2	22000001	23000000	160
chr2	23000001	24000000	767
chr2	24000001	25000000	1322
chr2	25000001	26000000	1907
chr2	26000001	27000000	1836
chr2	27000001	28000000	2741
chr2	28000001	29000000	930
chr2	29000001	30000000	376
chr2	30000001	31000000	574
chr2	31000001	32000000	479
chr2	32000001	33000000	1234
chr2	33000001	34000000	330
chr2	34000001	35000000	154
chr2	35000001	36000000	138
chr2	36000001	37000000	662
chr2	37000001	38000000	1135
chr2	38000001	39000000	1476
chr2	39000001	40000000	872
chr2	40000001	41000000	213
chr2	41000001	42000000	180
chr2	42000001	43000000	1252
chr2	43000001	44000000	1007
chr2	44000001	45000000	1233
chr2	45000001	46000000	1259
chr2	46000001	47000000	1001
chr2	47000001	48000000	1267
chr2	48000001	49000000	543
chr2	49000001	50000000	162
chr2	50000001	51000000	227
chr2	51000001	52000000	329
chr2	52000001	53000000	409
chr2	53000001	54000000	503
chr2	54000001	55000000	839
chr2	55000001	56000000	972
chr2	56000001	57000000	172
chr2	57000001	58000000	153
chr2	58000001	59000000	427
chr2	59000001	60000000	139
chr2	60000001	61000000	950
chr2	61000001	62000000	1114
chr2	62000001	63000000	594
chr2	63000001	64000000	1042
chr2	64000001	65000000	1332
chr2	65000001	66000000	1053
chr2	66000001	67000000	657
chr2	67000001	68000000	50
chr2	68000001	69000000	646
chr2	69000001	70000000	832
chr2	70000001	71000000	2062
chr2	71000001	72000000	762
chr2	72000001	73000000	1364
chr2	73000001	74000000	1881
chr2	74000001	75000000	2979
chr2	75000001	76000000	495
chr2	76000001	77000000	181
chr2	77000001	78000000	265
chr2	78000001	79000000	276
chr2	79000001	80000000	245
chr2	80000001	81000000	246
chr2	81000001	82000000	299
chr2	82000001	83000000	217
chr2	83000001	84000000	332
chr2	84000001	85000000	660
chr2	85000001	86000000	1762
chr2	86000001	87000000	2008
chr2	87000001	88000000	705
chr2	88000001	89000000	1058
chr2	89000001	90000000	253
chr2	90000001	91000000	753
chr2	91000001	92000000	1321
chr2	92000001	93000000	410
chr2	93000001	94000000	0
chr2	94000001	95000000	703
chr2	95000001	96000000	1379
chr2	96000001	97000000	2453
chr2	97000001	98000000	881
chr2	98000001	99000000	1155
chr2	99000001	100000000	789
chr2	100000001	101000000	925
chr2	101000001	102000000	1039
chr2	102000001	103000000	574
chr2	103000001	104000000	162
chr2	104000001	105000000	1149
chr2	105000001	106000000	917
chr2	106000001	107000000	1150
chr2	107000001	108000000	639
chr2	108000001	109000000	582
chr2	109000001	110000000	1137
chr2	110000001	111000000	1106
chr2	111000001	112000000	1062
chr2	112000001	113000000	1497
chr2	113000001	114000000	1903
chr2	114000001	115000000	172
chr2	115000001	116000000	326
chr2	116000001	117000000	116
chr2	117000001	118000000	486
chr2	118000001	119000000	1230
chr2	119000001	120000000	963
chr2	120000001	121000000	1661
chr2	121000001	122000000	721
chr2	122000001	123000000	148
chr2	123000001	124000000	177
chr2	124000001	125000000	298
chr2	125000001	126000000	112
chr2	126000001	127000000	264
chr2	127000001	128000000	1911
chr2	128000001	129000000	1342
chr2	129000001	130000000	451
chr2	130000001	131000000	2651
chr2	131000001	132000000	2393
chr2	132000001	133000000	918
chr2	133000001	134000000	235
chr2	134000001	135000000	865
chr2	135000001	136000000	612
chr2	136000001	137000000	450
chr2	137000001	138000000	106
chr2	138000001	139000000	289
chr2	139000001	140000000	122
chr2	140000001	141000000	215
chr2	141000001	142000000	104
chr2	142000001	143000000	317
chr2	143000001	144000000	285
chr2	144000001	145000000	465
chr2	145000001	146000000	74
chr2	146000001	147000000	167
chr2	147000001	148000000	312
chr2	148000001	149000000	637
chr2	149000001	150000000	374
chr2	150000001	151000000	304
chr2	151000001	152000000	566
chr2	152000001	153000000	616
chr2	153000001	154000000	398
chr2	154000001	155000000	219
chr2	155000001	156000000	67
chr2	156000001	157000000	851
chr2	157000001	158000000	484
chr2	158000001	159000000	476
chr2	159000001	160000000	657
chr2	160000001	161000000	764
chr2	161000001	162000000	867
chr2	162000001	163000000	286
chr2	163000001	164000000	366
chr2	164000001	165000000	462
chr2	165000001	166000000	471
chr2	166000001	167000000	167
chr2	167000001	168000000	322
chr2	168000001	169000000	399
chr2	169000001	170000000	986
chr2	170000001	171000000	1273
chr2	171000001	172000000	869
chr2	172000001	173000000	1525
chr2	173000001	174000000	755
chr2	174000001	175000000	1378
chr2	175000001	176000000	540
chr2	176000001	177000000	2978
chr2	177000001	178000000	714
chr2	178000001	179000000	694
chr2	179000001	180000000	352
chr2	180000001	181000000	408
chr2	181000001	182000000	656
chr2	182000001	183000000	269
chr2	183000001	184000000	243
chr2	184000001	185000000	297
chr2	185000001	186000000	261
chr2	186000001	187000000	360
chr2	187000001	188000000	206
chr2	188000001	189000000	339
chr2	189000001	190000000	460
chr2	190000001	191000000	995
chr2	191000001	192000000	566
chr2	192000001	193000000	341
chr2	193000001	194000000	377
chr2	194000001	195000000	85
chr2	195000001	196000000	394
chr2	196000001	197000000	557
chr2	197000001	198000000	1360
chr2	198000001	199000000	117
chr2	199000001	200000000	1179
chr2	200000001	201000000	836
chr2	201000001	202000000	835
chr2	202000001	203000000	1611
chr2	203000001	204000000	764
chr2	204000001	205000000	242
chr2	205000001	206000000	356
chr2	206000001	207000000	789
chr2	207000001	208000000	1292
chr2	208000001	209000000	608
chr2	209000001	210000000	402
chr2	210000001	211000000	528
chr2	211000001	212000000	280
chr2	212000001	213000000	509
chr2	213000001	214000000	461
chr2	214000001	215000000	266
chr2	215000001	216000000	262
chr2	216000001	217000000	642
chr2	217000001	218000000	133
chr2	218000001	219000000	2590
chr2	219000001	220000000	3604
chr2	220000001	221000000	157
chr2	221000001	222000000	476
chr2	222000001	223000000	1277
chr2	223000001	224000000	432
chr2	224000001	225000000	648
chr2	225000001	226000000	371
chr2	226000001	227000000	466
chr2	227000001	228000000	504
chr2	228000001	229000000	214
chr2	229000001	230000000	545
chr2	230000001	231000000	823
chr2	231000001	232000000	2676
chr2	232000001	233000000	2472
chr2	233000001	234000000	819
chr2	234000001	235000000	746
chr2	235000001	236000000	893
chr2	236000001	237000000	1439
chr2	237000001	238000000	1182
chr2	238000001	239000000	2099
chr2	239000001	240000000	1163
chr2	240000001	241000000	3081
chr2	241000001	242000000	4098
chr2	242000001	242193529	856
chr3	1	1000000	694
chr3	1000001	2000000	348
chr3	2000001	3000000	609
chr3	3000001	4000000	652
chr3	4000001	5000000	547
chr3	5000001	6000000	635
chr3	6000001	7000000	384
chr3	7000001	8000000	71
chr3	8000001	9000000	474
chr3	9000001	10000000	1967
chr3	10000001	11000000	1162
chr3	11000001	12000000	914
chr3	12000001	13000000	1633
chr3	13000001	14000000	1391
chr3	14000001	15000000	1084
chr3	15000001	16000000	769
chr3	16000001	17000000	593
chr3	17000001	18000000	267
chr3	18000001	19000000	432
chr3	19000001	20000000	512
chr3	20000001	21000000	309
chr3	21000001	22000000	172
chr3	22000001	23000000	223
chr3	23000001	24000000	806
chr3	24000001	25000000	457
chr3	25000001	26000000	352
chr3	26000001	27000000	238
chr3	27000001	28000000	631
chr3	28000001	29000000	494
chr3	29000001	30000000	180
chr3	30000001	31000000	205
chr3	31000001	32000000	477
chr3	32000001	33000000	1553
chr3	33000001	34000000	913
chr3	34000001	35000000	144
chr3	35000001	36000000	169
chr3	36000001	37000000	616
chr3	37000001	38000000	764
chr3	38000001	39000000	1189
chr3	39000001	40000000	937
chr3	40000001	41000000	496
chr3	41000001	42000000	566
chr3	42000001	43000000	1497
chr3	43000001	44000000	1043
chr3	44000001	45000000	1090
chr3	45000001	46000000	1028
chr3	46000001	47000000	1327
chr3	47000001	48000000	1917
chr3	48000001	49000000	2595
chr3	49000001	50000000	3131
chr3	50000001	51000000	2663
chr3	51000001	52000000	1711
chr3	52000001	53000000	1988
chr3	53000001	54000000	1439
chr3	54000001	55000000	370
chr3	55000001	56000000	555
chr3	56000001	57000000	549
chr3	57000001	58000000	1071
chr3	58000001	59000000	772
chr3	59000001	60000000	224
chr3	60000001	61000000	174
chr3	61000001	62000000	521
chr3	62000001	63000000	754
chr3	63000001	64000000	482
chr3	64000001	65000000	494
chr3	65000001	66000000	307
chr3	66000001	67000000	644
chr3	67000001	68000000	107
chr3	68000001	69000000	302
chr3	69000001	70000000	785
chr3	70000001	71000000	84
chr3	71000001	72000000	1014
chr3	72000001	73000000	698
chr3	73000001	74000000	350
chr3	74000001	75000000	344
chr3	75000001	76000000	1104
chr3	76000001	77000000	286
chr3	77000001	78000000	330
chr3	78000001	79000000	213
chr3	79000001	80000000	414
chr3	80000001	81000000	156
chr3	81000001	82000000	321
chr3	82000001	83000000	156
chr3	83000001	84000000	131
chr3	84000001	85000000	170
chr3	85000001	86000000	281
chr3	86000001	87000000	349
chr3	87000001	88000000	303
chr3	88000001	89000000	443
chr3	89000001	90000000	334
chr3	90000001	91000000	172
chr3	91000001	92000000	0
chr3	92000001	93000000	0
chr3	93000001	94000000	117
chr3	94000001	95000000	299
chr3	95000001	96000000	144
chr3	96000001	97000000	288
chr3	97000001	98000000	352
chr3	98000001	99000000	565
chr3	99000001	100000000	152
chr3	100000001	101000000	500
chr3	101000001	102000000	805
chr3	102000001	103000000	135
chr3	103000001	104000000	215
chr3	104000001	105000000	46
chr3	105000001	106000000	384
chr3	106000001	107000000	157
chr3	107000001	108000000	490
chr3	108000001	109000000	385
chr3	109000001	110000000	395
chr3	110000001	111000000	157
chr3	111000001	112000000	414
chr3	112000001	113000000	553
chr3	113000001	114000000	786
chr3	114000001	115000000	384
chr3	115000001	116000000	422
chr3	116000001	117000000	282
chr3	117000001	118000000	281
chr3	118000001	119000000	114
chr3	119000001	120000000	910
chr3	120000001	121000000	878
chr3	121000001	122000000	342
chr3	122000001	123000000	1114
chr3	123000001	124000000	990
chr3	124000001	125000000	524
chr3	125000001	126000000	1162
chr3	126000001	127000000	1856
chr3	127000001	128000000	1332
chr3	128000001	129000000	2207
chr3	129000001	130000000	2087
chr3	130000001	131000000	654
chr3	131000001	132000000	492
chr3	132000001	133000000	498
chr3	133000001	134000000	752
chr3	134000001	135000000	1023
chr3	135000001	136000000	282
chr3	136000001	137000000	889
chr3	137000001	138000000	579
chr3	138000001	139000000	1771
chr3	139000001	140000000	852
chr3	140000001	141000000	182
chr3	141000001	142000000	1180
chr3	142000001	143000000	1106
chr3	143000001	144000000	744
chr3	144000001	145000000	44
chr3	145000001	146000000	126
chr3	146000001	147000000	403
chr3	147000001	148000000	993
chr3	148000001	149000000	299
chr3	149000001	150000000	787
chr3	150000001	151000000	1065
chr3	151000001	152000000	449
chr3	152000001	153000000	469
chr3	153000001	154000000	546
chr3	154000001	155000000	513
chr3	155000001	156000000	582
chr3	156000001	157000000	744
chr3	157000001	158000000	552
chr3	158000001	159000000	729
chr3	159000001	160000000	313
chr3	160000001	161000000	1001
chr3	161000001	162000000	394
chr3	162000001	163000000	62
chr3	163000001	164000000	215
chr3	164000001	165000000	96
chr3	165000001	166000000	203
chr3	166000001	167000000	221
chr3	167000001	168000000	125
chr3	168000001	169000000	322
chr3	169000001	170000000	789
chr3	170000001	171000000	1047
chr3	171000001	172000000	520
chr3	172000001	173000000	597
chr3	173000001	174000000	226
chr3	174000001	175000000	397
chr3	175000001	176000000	166
chr3	176000001	177000000	268
chr3	177000001	178000000	495
chr3	178000001	179000000	87
chr3	179000001	180000000	1262
chr3	180000001	181000000	507
chr3	181000001	182000000	582
chr3	182000001	183000000	539
chr3	183000001	184000000	1292
chr3	184000001	185000000	2864
chr3	185000001	186000000	1200
chr3	186000001	187000000	1105
chr3	187000001	188000000	530
chr3	188000001	189000000	233
chr3	189000001	190000000	130
chr3	190000001	191000000	731
chr3	191000001	192000000	341
chr3	192000001	193000000	670
chr3	193000001	194000000	405
chr3	194000001	195000000	1904
chr3	195000001	196000000	2441
chr3	196000001	197000000	2369
chr3	197000001	198000000	1796
chr3	198000001	198295559	388
chr4	1	1000000	5587
chr4	1000001	2000000	7360
chr4	2000001	3000000	3578
chr4	3000001	4000000	2511
chr4	4000001	5000000	1616
chr4	5000001	6000000	770
chr4	6000001	7000000	2680
chr4	7000001	8000000	1240
chr4	8000001	9000000	2320
chr4	9000001	10000000	779
chr4	10000001	11000000	634
chr4	11000001	12000000	424
chr4	12000001	13000000	92
chr4	13000001	14000000	1021
chr4	14000001	15000000	115
chr4	15000001	16000000	1125
chr4	16000001	17000000	631
chr4	17000001	18000000	769
chr4	18000001	19000000	297
chr4	19000001	20000000	94
chr4	20000001	21000000	459
chr4	21000001	22000000	175
chr4	22000001	23000000	408
chr4	23000001	24000000	67
chr4	24000001	25000000	727
chr4	25000001	26000000	1036
chr4	26000001	27000000	685
chr4	27000001	28000000	94
chr4	28000001	29000000	179
chr4	29000001	30000000	202
chr4	30000001	31000000	574
chr4	31000001	32000000	200
chr4	32000001	33000000	194
chr4	33000001	34000000	168
chr4	34000001	35000000	240
chr4	35000001	36000000	87
chr4	36000001	37000000	315
chr4	37000001	38000000	910
chr4	38000001	39000000	490
chr4	39000001	40000000	1177
chr4	40000001	41000000	804
chr4	41000001	42000000	1355
chr4	42000001	43000000	686
chr4	43000001	44000000	92
chr4	44000001	45000000	477
chr4	45000001	46000000	104
chr4	46000001	47000000	231
chr4	47000001	48000000	478
chr4	48000001	49000000	1219
chr4	49000001	50000000	193
chr4	50000001	51000000	0
chr4	51000001	52000000	225
chr4	52000001	53000000	850
chr4	53000001	54000000	262
chr4	54000001	55000000	1232
chr4	55000001	56000000	903
chr4	56000001	57000000	1559
chr4	57000001	58000000	444
chr4	58000001	59000000	139
chr4	59000001	60000000	144
chr4	60000001	61000000	129
chr4	61000001	62000000	444
chr4	62000001	63000000	169
chr4	63000001	64000000	153
chr4	64000001	65000000	119
chr4	65000001	66000000	231
chr4	66000001	67000000	224
chr4	67000001	68000000	265
chr4	68000001	69000000	181
chr4	69000001	70000000	104
chr4	70000001	71000000	724
chr4	71000001	72000000	282
chr4	72000001	73000000	206
chr4	73000001	74000000	511
chr4	74000001	75000000	527
chr4	75000001	76000000	771
chr4	76000001	77000000	1216
chr4	77000001	78000000	667
chr4	78000001	79000000	558
chr4	79000001	80000000	267
chr4	80000001	81000000	735
chr4	81000001	82000000	376
chr4	82000001	83000000	1197
chr4	83000001	84000000	883
chr4	84000001	85000000	836
chr4	85000001	86000000	236
chr4	86000001	87000000	570
chr4	87000001	88000000	573
chr4	88000001	89000000	1025
chr4	89000001	90000000	421
chr4	90000001	91000000	366
chr4	91000001	92000000	131
chr4	92000001	93000000	199
chr4	93000001	94000000	270
chr4	94000001	95000000	443
chr4	95000001	96000000	331
chr4	96000001	97000000	182
chr4	97000001	98000000	181
chr4	98000001	99000000	713
chr4	99000001	100000000	577
chr4	100000001	101000000	230
chr4	101000001	102000000	374
chr4	102000001	103000000	625
chr4	103000001	104000000	298
chr4	104000001	105000000	252
chr4	105000001	106000000	447
chr4	106000001	107000000	267
chr4	107000001	108000000	530
chr4	108000001	109000000	786
chr4	109000001	110000000	797
chr4	110000001	111000000	873
chr4	111000001	112000000	83
chr4	112000001	113000000	1157
chr4	113000001	114000000	326
chr4	114000001	115000000	327
chr4	115000001	116000000	199
chr4	116000001	117000000	183
chr4	117000001	118000000	97
chr4	118000001	119000000	607
chr4	119000001	120000000	656
chr4	120000001	121000000	341
chr4	121000001	122000000	964
chr4	122000001	123000000	507
chr4	123000001	124000000	465
chr4	124000001	125000000	336
chr4	125000001	126000000	466
chr4	126000001	127000000	207
chr4	127000001	128000000	613
chr4	128000001	129000000	903
chr4	129000001	130000000	144
chr4	130000001	131000000	109
chr4	131000001	132000000	3055
chr4	132000001	133000000	234
chr4	133000001	134000000	428
chr4	134000001	135000000	135
chr4	135000001	136000000	196
chr4	136000001	137000000	219
chr4	137000001	138000000	319
chr4	138000001	139000000	411
chr4	139000001	140000000	1436
chr4	140000001	141000000	1080
chr4	141000001	142000000	469
chr4	142000001	143000000	224
chr4	143000001	144000000	736
chr4	144000001	145000000	179
chr4	145000001	146000000	899
chr4	146000001	147000000	669
chr4	147000001	148000000	426
chr4	148000001	149000000	457
chr4	149000001	150000000	117
chr4	150000001	151000000	459
chr4	151000001	152000000	634
chr4	152000001	153000000	724
chr4	153000001	154000000	979
chr4	154000001	155000000	779
chr4	155000001	156000000	526
chr4	156000001	157000000	222
chr4	157000001	158000000	496
chr4	158000001	159000000	619
chr4	159000001	160000000	341
chr4	160000001	161000000	106
chr4	161000001	162000000	174
chr4	162000001	163000000	329
chr4	163000001	164000000	596
chr4	164000001	165000000	292
chr4	165000001	166000000	816
chr4	166000001	167000000	143
chr4	167000001	168000000	196
chr4	168000001	169000000	440
chr4	169000001	170000000	786
chr4	170000001	171000000	448
chr4	171000001	172000000	329
chr4	172000001	173000000	165
chr4	173000001	174000000	1312
chr4	174000001	175000000	393
chr4	175000001	176000000	205
chr4	176000001	177000000	710
chr4	177000001	178000000	327
chr4	178000001	179000000	67
chr4	179000001	180000000	209
chr4	180000001	181000000	501
chr4	181000001	182000000	283
chr4	182000001	183000000	1105
chr4	183000001	184000000	1800
chr4	184000001	185000000	1193
chr4	185000001	186000000	1656
chr4	186000001	187000000	2096
chr4	187000001	188000000	631
chr4	188000001	189000000	816
chr4	189000001	190000000	1185
chr4	190000001	190214555	4152
chr5	1	1000000	5862
chr5	1000001	2000000	5986
chr5	2000001	3000000	1385
chr5	3000001	4000000	1244
chr5	4000001	5000000	242
chr5	5000001	6000000	509
chr5	6000001	7000000	1075
chr5	7000001	8000000	713
chr5	8000001	9000000	239
chr5	9000001	10000000	303
chr5	10000001	11000000	1565
chr5	11000001	12000000	342
chr5	12000001	13000000	251
chr5	13000001	14000000	223
chr5	14000001	15000000	1000
chr5	15000001	16000000	271
chr5	16000001	17000000	776
chr5	17000001	18000000	813
chr5	18000001	19000000	256
chr5	19000001	20000000	193
chr5	20000001	21000000	228
chr5	21000001	22000000	306
chr5	22000001	23000000	294
chr5	23000001	24000000	391
chr5	24000001	25000000	127
chr5	25000001	26000000	386
chr5	26000001	27000000	269
chr5	27000001	28000000	354
chr5	28000001	29000000	385
chr5	29000001	30000000	128
chr5	30000001	31000000	129
chr5	31000001	32000000	512
chr5	32000001	33000000	1142
chr5	33000001	34000000	471
chr5	34000001	35000000	743
chr5	35000001	36000000	187
chr5	36000001	37000000	596
chr5	37000001	38000000	849
chr5	38000001	39000000	511
chr5	39000001	40000000	421
chr5	40000001	41000000	687
chr5	41000001	42000000	375
chr5	42000001	43000000	708
chr5	43000001	44000000	1584
chr5	44000001	45000000	173
chr5	45000001	46000000	201
chr5	46000001	47000000	0
chr5	47000001	48000000	0
chr5	48000001	49000000	0
chr5	49000001	50000000	0
chr5	50000001	51000000	418
chr5	51000001	52000000	408
chr5	52000001	53000000	279
chr5	53000001	54000000	371
chr5	54000001	55000000	621
chr5	55000001	56000000	1180
chr5	56000001	57000000	996
chr5	57000001	58000000	285
chr5	58000001	59000000	351
chr5	59000001	60000000	246
chr5	60000001	61000000	521
chr5	61000001	62000000	645
chr5	62000001	63000000	434
chr5	63000001	64000000	302
chr5	64000001	65000000	404
chr5	65000001	66000000	905
chr5	66000001	67000000	326
chr5	67000001	68000000	179
chr5	68000001	69000000	416
chr5	69000001	70000000	1052
chr5	70000001	71000000	938
chr5	71000001	72000000	507
chr5	72000001	73000000	905
chr5	73000001	74000000	1694
chr5	74000001	75000000	635
chr5	75000001	76000000	712
chr5	76000001	77000000	1132
chr5	77000001	78000000	1553
chr5	78000001	79000000	811
chr5	79000001	80000000	747
chr5	80000001	81000000	1032
chr5	81000001	82000000	659
chr5	82000001	83000000	249
chr5	83000001	84000000	452
chr5	84000001	85000000	282
chr5	85000001	86000000	147
chr5	86000001	87000000	165
chr5	87000001	88000000	222
chr5	88000001	89000000	821
chr5	89000001	90000000	147
chr5	90000001	91000000	507
chr5	91000001	92000000	225
chr5	92000001	93000000	107
chr5	93000001	94000000	1092
chr5	94000001	95000000	312
chr5	95000001	96000000	981
chr5	96000001	97000000	696
chr5	97000001	98000000	94
chr5	98000001	99000000	605
chr5	99000001	100000000	193
chr5	100000001	101000000	411
chr5	101000001	102000000	145
chr5	102000001	103000000	436
chr5	103000001	104000000	373
chr5	104000001	105000000	202
chr5	105000001	106000000	233
chr5	106000001	107000000	154
chr5	107000001	108000000	318
chr5	108000001	109000000	529
chr5	109000001	110000000	458
chr5	110000001	111000000	158
chr5	111000001	112000000	463
chr5	112000001	113000000	727
chr5	113000001	114000000	360
chr5	114000001	115000000	388
chr5	115000001	116000000	1054
chr5	116000001	117000000	507
chr5	117000001	118000000	285
chr5	118000001	119000000	355
chr5	119000001	120000000	412
chr5	120000001	121000000	344
chr5	121000001	122000000	262
chr5	122000001	123000000	517
chr5	123000001	124000000	863
chr5	124000001	125000000	185
chr5	125000001	126000000	201
chr5	126000001	127000000	659
chr5	127000001	128000000	549
chr5	128000001	129000000	654
chr5	129000001	130000000	728
chr5	130000001	131000000	150
chr5	131000001	132000000	664
chr5	132000001	133000000	2364
chr5	133000001	134000000	539
chr5	134000001	135000000	2139
chr5	135000001	136000000	1703
chr5	136000001	137000000	474
chr5	137000001	138000000	467
chr5	138000001	139000000	1823
chr5	139000001	140000000	2788
chr5	140000001	141000000	3891
chr5	141000001	142000000	4839
chr5	142000001	143000000	661
chr5	143000001	144000000	375
chr5	144000001	145000000	228
chr5	145000001	146000000	172
chr5	146000001	147000000	691
chr5	147000001	148000000	447
chr5	148000001	149000000	308
chr5	149000001	150000000	825
chr5	150000001	151000000	1349
chr5	151000001	152000000	859
chr5	152000001	153000000	344
chr5	153000001	154000000	163
chr5	154000001	155000000	1584
chr5	155000001	156000000	226
chr5	156000001	157000000	172
chr5	157000001	158000000	927
chr5	158000001	159000000	104
chr5	159000001	160000000	943
chr5	160000001	161000000	528
chr5	161000001	162000000	232
chr5	162000001	163000000	89
chr5	163000001	164000000	458
chr5	164000001	165000000	177
chr5	165000001	166000000	166
chr5	166000001	167000000	394
chr5	167000001	168000000	422
chr5	168000001	169000000	581
chr5	169000001	170000000	198
chr5	170000001	171000000	376
chr5	171000001	172000000	1316
chr5	172000001	173000000	1749
chr5	173000001	174000000	1442
chr5	174000001	175000000	608
chr5	175000001	176000000	730
chr5	176000001	177000000	2749
chr5	177000001	178000000	3863
chr5	178000001	179000000	2545
chr5	179000001	180000000	3346
chr5	180000001	181000000	3138
chr5	181000001	181538259	2504
chr6	1	1000000	1593
chr6	1000001	2000000	2879
chr6	2000001	3000000	1243
chr6	3000001	4000000	2679
chr6	4000001	5000000	776
chr6	5000001	6000000	882
chr6	6000001	7000000	843
chr6	7000001	8000000	1963
chr6	8000001	9000000	530
chr6	9000001	10000000	311
chr6	10000001	11000000	1687
chr6	11000001	12000000	898
chr6	12000001	13000000	587
chr6	13000001	14000000	1691
chr6	14000001	15000000	426
chr6	15000001	16000000	692
chr6	16000001	17000000	862
chr6	17000001	18000000	1155
chr6	18000001	19000000	570
chr6	19000001	20000000	503
chr6	20000001	21000000	783
chr6	21000001	22000000	814
chr6	22000001	23000000	308
chr6	23000001	24000000	164
chr6	24000001	25000000	798
chr6	25000001	26000000	460
chr6	26000001	27000000	2187
chr6	27000001	28000000	2730
chr6	28000001	29000000	1788
chr6	29000001	30000000	1598
chr6	30000001	31000000	2561
chr6	31000001	32000000	3023
chr6	32000001	33000000	1673
chr6	33000001	34000000	2486
chr6	34000001	35000000	2139
chr6	35000001	36000000	1706
chr6	36000001	37000000	1571
chr6	37000001	38000000	1360
chr6	38000001	39000000	253
chr6	39000001	40000000	567
chr6	40000001	41000000	216
chr6	41000001	42000000	2546
chr6	42000001	43000000	1564
chr6	43000001	44000000	2586
chr6	44000001	45000000	1459
chr6	45000001	46000000	567
chr6	46000001	47000000	630
chr6	47000001	48000000	524
chr6	48000001	49000000	276
chr6	49000001	50000000	133
chr6	50000001	51000000	407
chr6	51000001	52000000	161
chr6	52000001	53000000	631
chr6	53000001	54000000	973
chr6	54000001	55000000	209
chr6	55000001	56000000	265
chr6	56000001	57000000	632
chr6	57000001	58000000	710
chr6	58000001	59000000	74
chr6	59000001	60000000	0
chr6	60000001	61000000	133
chr6	61000001	62000000	70
chr6	62000001	63000000	112
chr6	63000001	64000000	474
chr6	64000001	65000000	105
chr6	65000001	66000000	199
chr6	66000001	67000000	92
chr6	67000001	68000000	154
chr6	68000001	69000000	219
chr6	69000001	70000000	235
chr6	70000001	71000000	559
chr6	71000001	72000000	533
chr6	72000001	73000000	440
chr6	73000001	74000000	1430
chr6	74000001	75000000	196
chr6	75000001	76000000	687
chr6	76000001	77000000	104
chr6	77000001	78000000	248
chr6	78000001	79000000	260
chr6	79000001	80000000	538
chr6	80000001	81000000	249
chr6	81000001	82000000	299
chr6	82000001	83000000	392
chr6	83000001	84000000	772
chr6	84000001	85000000	698
chr6	85000001	86000000	789
chr6	86000001	87000000	162
chr6	87000001	88000000	865
chr6	88000001	89000000	619
chr6	89000001	90000000	1203
chr6	90000001	91000000	526
chr6	91000001	92000000	66
chr6	92000001	93000000	143
chr6	93000001	94000000	565
chr6	94000001	95000000	221
chr6	95000001	96000000	162
chr6	96000001	97000000	497
chr6	97000001	98000000	135
chr6	98000001	99000000	837
chr6	99000001	100000000	1211
chr6	100000001	101000000	731
chr6	101000001	102000000	291
chr6	102000001	103000000	155
chr6	103000001	104000000	209
chr6	104000001	105000000	580
chr6	105000001	106000000	819
chr6	106000001	107000000	887
chr6	107000001	108000000	1325
chr6	108000001	109000000	1916
chr6	109000001	110000000	1087
chr6	110000001	111000000	1037
chr6	111000001	112000000	842
chr6	112000001	113000000	413
chr6	113000001	114000000	549
chr6	114000001	115000000	241
chr6	115000001	116000000	151
chr6	116000001	117000000	952
chr6	117000001	118000000	1032
chr6	118000001	119000000	481
chr6	119000001	120000000	532
chr6	120000001	121000000	125
chr6	121000001	122000000	207
chr6	122000001	123000000	517
chr6	123000001	124000000	275
chr6	124000001	125000000	360
chr6	125000001	126000000	874
chr6	126000001	127000000	198
chr6	127000001	128000000	746
chr6	128000001	129000000	300
chr6	129000001	130000000	278
chr6	130000001	131000000	611
chr6	131000001	132000000	619
chr6	132000001	133000000	477
chr6	133000001	134000000	780
chr6	134000001	135000000	441
chr6	135000001	136000000	561
chr6	136000001	137000000	1045
chr6	137000001	138000000	708
chr6	138000001	139000000	999
chr6	139000001	140000000	857
chr6	140000001	141000000	205
chr6	141000001	142000000	267
chr6	142000001	143000000	623
chr6	143000001	144000000	614
chr6	144000001	145000000	902
chr6	145000001	146000000	392
chr6	146000001	147000000	265
chr6	147000001	148000000	492
chr6	148000001	149000000	641
chr6	149000001	150000000	1873
chr6	150000001	151000000	1003
chr6	151000001	152000000	909
chr6	152000001	153000000	435
chr6	153000001	154000000	346
chr6	154000001	155000000	721
chr6	155000001	156000000	205
chr6	156000001	157000000	764
chr6	157000001	158000000	1336
chr6	158000001	159000000	1256
chr6	159000001	160000000	1293
chr6	160000001	161000000	880
chr6	161000001	162000000	155
chr6	162000001	163000000	354
chr6	163000001	164000000	877
chr6	164000001	165000000	291
chr6	165000001	166000000	873
chr6	166000001	167000000	2406
chr6	167000001	168000000	1166
chr6	168000001	169000000	1782
chr6	169000001	170000000	1813
chr6	170000001	170805979	3139
chr7	1	1000000	6661
chr7	1000001	2000000	7109
chr7	2000001	3000000	3430
chr7	3000001	4000000	379
chr7	4000001	5000000	1788
chr7	5000001	6000000	3873
chr7	6000001	7000000	3344
chr7	7000001	8000000	575
chr7	8000001	9000000	614
chr7	9000001	10000000	251
chr7	10000001	11000000	257
chr7	11000001	12000000	173
chr7	12000001	13000000	600
chr7	13000001	14000000	343
chr7	14000001	15000000	241
chr7	15000001	16000000	252
chr7	16000001	17000000	558
chr7	17000001	18000000	389
chr7	18000001	19000000	271
chr7	19000001	20000000	651
chr7	20000001	21000000	971
chr7	21000001	22000000	405
chr7	22000001	23000000	647
chr7	23000001	24000000	1254
chr7	24000001	25000000	754
chr7	25000001	26000000	578
chr7	26000001	27000000	1070
chr7	27000001	28000000	3413
chr7	28000001	29000000	930
chr7	29000001	30000000	1099
chr7	30000001	31000000	1252
chr7	31000001	32000000	330
chr7	32000001	33000000	1200
chr7	33000001	34000000	552
chr7	34000001	35000000	164
chr7	35000001	36000000	1266
chr7	36000001	37000000	427
chr7	37000001	38000000	486
chr7	38000001	39000000	290
chr7	39000001	40000000	837
chr7	40000001	41000000	131
chr7	41000001	42000000	176
chr7	42000001	43000000	503
chr7	43000001	44000000	963
chr7	44000001	45000000	2631
chr7	45000001	46000000	1000
chr7	46000001	47000000	113
chr7	47000001	48000000	745
chr7	48000001	49000000	571
chr7	49000001	50000000	503
chr7	50000001	51000000	822
chr7	51000001	52000000	428
chr7	52000001	53000000	215
chr7	53000001	54000000	209
chr7	54000001	55000000	580
chr7	55000001	56000000	1727
chr7	56000001	57000000	1167
chr7	57000001	58000000	970
chr7	58000001	59000000	186
chr7	59000001	60000000	0
chr7	60000001	61000000	325
chr7	61000001	62000000	42
chr7	62000001	63000000	527
chr7	63000001	64000000	1325
chr7	64000001	65000000	1197
chr7	65000001	66000000	1451
chr7	66000001	67000000	1954
chr7	67000001	68000000	340
chr7	68000001	69000000	129
chr7	69000001	70000000	465
chr7	70000001	71000000	585
chr7	71000001	72000000	385
chr7	72000001	73000000	845
chr7	73000001	74000000	2457
chr7	74000001	75000000	1563
chr7	75000001	76000000	1664
chr7	76000001	77000000	1748
chr7	77000001	78000000	815
chr7	78000001	79000000	483
chr7	79000001	80000000	407
chr7	80000001	81000000	345
chr7	81000001	82000000	219
chr7	82000001	83000000	360
chr7	83000001	84000000	407
chr7	84000001	85000000	362
chr7	85000001	86000000	158
chr7	86000001	87000000	255
chr7	87000001	88000000	1041
chr7	88000001	89000000	242
chr7	89000001	90000000	109
chr7	90000001	91000000	677
chr7	91000001	92000000	554
chr7	92000001	93000000	1004
chr7	93000001	94000000	260
chr7	94000001	95000000	528
chr7	95000001	96000000	413
chr7	96000001	97000000	309
chr7	97000001	98000000	1050
chr7	98000001	99000000	1297
chr7	99000001	100000000	1598
chr7	100000001	101000000	4285
chr7	101000001	102000000	2211
chr7	102000001	103000000	1788
chr7	103000001	104000000	702
chr7	104000001	105000000	543
chr7	105000001	106000000	1265
chr7	106000001	107000000	581
chr7	107000001	108000000	828
chr7	108000001	109000000	758
chr7	109000001	110000000	24
chr7	110000001	111000000	166
chr7	111000001	112000000	377
chr7	112000001	113000000	639
chr7	113000001	114000000	221
chr7	114000001	115000000	534
chr7	115000001	116000000	230
chr7	116000001	117000000	886
chr7	117000001	118000000	543
chr7	118000001	119000000	283
chr7	119000001	120000000	161
chr7	120000001	121000000	338
chr7	121000001	122000000	467
chr7	122000001	123000000	708
chr7	123000001	124000000	533
chr7	124000001	125000000	427
chr7	125000001	126000000	106
chr7	126000001	127000000	113
chr7	127000001	128000000	871
chr7	128000001	129000000	2964
chr7	129000001	130000000	1925
chr7	130000001	131000000	959
chr7	131000001	132000000	831
chr7	132000001	133000000	315
chr7	133000001	134000000	209
chr7	134000001	135000000	290
chr7	135000001	136000000	547
chr7	136000001	137000000	307
chr7	137000001	138000000	387
chr7	138000001	139000000	664
chr7	139000001	140000000	1535
chr7	140000001	141000000	1754
chr7	141000001	142000000	706
chr7	142000001	143000000	322
chr7	143000001	144000000	968
chr7	144000001	145000000	532
chr7	145000001	146000000	340
chr7	146000001	147000000	307
chr7	147000001	148000000	233
chr7	148000001	149000000	884
chr7	149000001	150000000	3377
chr7	150000001	151000000	2114
chr7	151000001	152000000	3715
chr7	152000001	153000000	1324
chr7	153000001	154000000	415
chr7	154000001	155000000	523
chr7	155000001	156000000	3349
chr7	156000001	157000000	1655
chr7	157000001	158000000	4586
chr7	158000001	159000000	2919
chr7	159000001	159345973	888
chr8	1	1000000	2893
chr8	1000001	2000000	4241
chr8	2000001	3000000	979
chr8	3000001	4000000	61
chr8	4000001	5000000	500
chr8	5000001	6000000	311
chr8	6000001	7000000	563
chr8	7000001	8000000	664
chr8	8000001	9000000	1243
chr8	9000001	10000000	1147
chr8	10000001	11000000	809
chr8	11000001	12000000	2274
chr8	12000001	13000000	1329
chr8	13000001	14000000	370
chr8	14000001	15000000	201
chr8	15000001	16000000	442
chr8	16000001	17000000	285
chr8	17000001	18000000	1109
chr8	18000001	19000000	281
chr8	19000001	20000000	764
chr8	20000001	21000000	218
chr8	21000001	22000000	604
chr8	22000001	23000000	3036
chr8	23000001	24000000	1821
chr8	24000001	25000000	477
chr8	25000001	26000000	554
chr8	26000001	27000000	1506
chr8	27000001	28000000	782
chr8	28000001	29000000	1153
chr8	29000001	30000000	727
chr8	30000001	31000000	1122
chr8	31000001	32000000	504
chr8	32000001	33000000	235
chr8	33000001	34000000	551
chr8	34000001	35000000	134
chr8	35000001	36000000	258
chr8	36000001	37000000	92
chr8	37000001	38000000	1448
chr8	38000001	39000000	1841
chr8	39000001	40000000	211
chr8	40000001	41000000	85
chr8	41000001	42000000	1426
chr8	42000001	43000000	1637
chr8	43000001	44000000	858
chr8	44000001	45000000	0
chr8	45000001	46000000	0
chr8	46000001	47000000	129
chr8	47000001	48000000	859
chr8	48000001	49000000	640
chr8	49000001	50000000	126
chr8	50000001	51000000	97
chr8	51000001	52000000	348
chr8	52000001	53000000	777
chr8	53000001	54000000	740
chr8	54000001	55000000	1100
chr8	55000001	56000000	573
chr8	56000001	57000000	915
chr8	57000001	58000000	562
chr8	58000001	59000000	635
chr8	59000001	60000000	358
chr8	60000001	61000000	1150
chr8	61000001	62000000	260
chr8	62000001	63000000	259
chr8	63000001	64000000	463
chr8	64000001	65000000	767
chr8	65000001	66000000	522
chr8	66000001	67000000	1280
chr8	67000001	68000000	505
chr8	68000001	69000000	182
chr8	69000001	70000000	530
chr8	70000001	71000000	867
chr8	71000001	72000000	485
chr8	72000001	73000000	337
chr8	73000001	74000000	1057
chr8	74000001	75000000	662
chr8	75000001	76000000	352
chr8	76000001	77000000	336
chr8	77000001	78000000	212
chr8	78000001	79000000	210
chr8	79000001	80000000	563
chr8	80000001	81000000	962
chr8	81000001	82000000	603
chr8	82000001	83000000	146
chr8	83000001	84000000	61
chr8	84000001	85000000	224
chr8	85000001	86000000	2124
chr8	86000001	87000000	520
chr8	87000001	88000000	184
chr8	88000001	89000000	184
chr8	89000001	90000000	553
chr8	90000001	91000000	561
chr8	91000001	92000000	280
chr8	92000001	93000000	377
chr8	93000001	94000000	504
chr8	94000001	95000000	1090
chr8	95000001	96000000	570
chr8	96000001	97000000	866
chr8	97000001	98000000	763
chr8	98000001	99000000	1388
chr8	99000001	100000000	230
chr8	100000001	101000000	1397
chr8	101000001	102000000	548
chr8	102000001	103000000	1246
chr8	103000001	104000000	901
chr8	104000001	105000000	408
chr8	105000001	106000000	280
chr8	106000001	107000000	490
chr8	107000001	108000000	97
chr8	108000001	109000000	372
chr8	109000001	110000000	546
chr8	110000001	111000000	124
chr8	111000001	112000000	200
chr8	112000001	113000000	163
chr8	113000001	114000000	286
chr8	114000001	115000000	295
chr8	115000001	116000000	260
chr8	116000001	117000000	445
chr8	117000001	118000000	214
chr8	118000001	119000000	338
chr8	119000001	120000000	407
chr8	120000001	121000000	357
chr8	121000001	122000000	261
chr8	122000001	123000000	246
chr8	123000001	124000000	1157
chr8	124000001	125000000	866
chr8	125000001	126000000	436
chr8	126000001	127000000	438
chr8	127000001	128000000	669
chr8	128000001	129000000	152
chr8	129000001	130000000	262
chr8	130000001	131000000	573
chr8	131000001	132000000	375
chr8	132000001	133000000	363
chr8	133000001	134000000	578
chr8	134000001	135000000	609
chr8	135000001	136000000	357
chr8	136000001	137000000	249
chr8	137000001	138000000	135
chr8	138000001	139000000	404
chr8	139000001	140000000	496
chr8	140000001	141000000	1099
chr8	141000001	142000000	1807
chr8	142000001	143000000	2609
chr8	143000001	144000000	9917
chr8	144000001	145000000	9741
chr8	145000001	145138636	230
chr9	1	1000000	2141
chr9	1000001	2000000	560
chr9	2000001	3000000	1034
chr9	3000001	4000000	484
chr9	4000001	5000000	1087
chr9	5000001	6000000	782
chr9	6000001	7000000	1356
chr9	7000001	8000000	112
chr9	8000001	9000000	235
chr9	9000001	10000000	152
chr9	10000001	11000000	379
chr9	11000001	12000000	84
chr9	12000001	13000000	241
chr9	13000001	14000000	290
chr9	14000001	15000000	849
chr9	15000001	16000000	754
chr9	16000001	17000000	545
chr9	17000001	18000000	422
chr9	18000001	19000000	284
chr9	19000001	20000000	1007
chr9	20000001	21000000	399
chr9	21000001	22000000	894
chr9	22000001	23000000	431
chr9	23000001	24000000	378
chr9	24000001	25000000	231
chr9	25000001	26000000	268
chr9	26000001	27000000	534
chr9	27000001	28000000	354
chr9	28000001	29000000	128
chr9	29000001	30000000	410
chr9	30000001	31000000	182
chr9	31000001	32000000	133
chr9	32000001	33000000	635
chr9	33000001	34000000	1265
chr9	34000001	35000000	2548
chr9	35000001	36000000	1916
chr9	36000001	37000000	1209
chr9	37000001	38000000	1647
chr9	38000001	39000000	1381
chr9	39000001	40000000	964
chr9	40000001	41000000	1102
chr9	41000001	42000000	1274
chr9	42000001	43000000	723
chr9	43000001	44000000	350
chr9	44000001	45000000	0
chr9	45000001	46000000	0
chr9	46000001	47000000	0
chr9	47000001	48000000	0
chr9	48000001	49000000	0
chr9	49000001	50000000	0
chr9	50000001	51000000	0
chr9	51000001	52000000	0
chr9	52000001	53000000	0
chr9	53000001	54000000	0
chr9	54000001	55000000	0
chr9	55000001	56000000	0
chr9	56000001	57000000	0
chr9	57000001	58000000	0
chr9	58000001	59000000	0
chr9	59000001	60000000	0
chr9	60000001	61000000	252
chr9	61000001	62000000	1053
chr9	62000001	63000000	852
chr9	63000001	64000000	1228
chr9	64000001	65000000	1017
chr9	65000001	66000000	1306
chr9	66000001	67000000	794
chr9	67000001	68000000	1036
chr9	68000001	69000000	634
chr9	69000001	70000000	1199
chr9	70000001	71000000	580
chr9	71000001	72000000	469
chr9	72000001	73000000	393
chr9	73000001	74000000	131
chr9	74000001	75000000	560
chr9	75000001	76000000	464
chr9	76000001	77000000	495
chr9	77000001	78000000	905
chr9	78000001	79000000	583
chr9	79000001	80000000	462
chr9	80000001	81000000	164
chr9	81000001	82000000	616
chr9	82000001	83000000	86
chr9	83000001	84000000	1308
chr9	84000001	85000000	387
chr9	85000001	86000000	592
chr9	86000001	87000000	753
chr9	87000001	88000000	617
chr9	88000001	89000000	847
chr9	89000001	90000000	954
chr9	90000001	91000000	273
chr9	91000001	92000000	1070
chr9	92000001	93000000	1001
chr9	93000001	94000000	2073
chr9	94000001	95000000	962
chr9	95000001	96000000	1707
chr9	96000001	97000000	2021
chr9	97000001	98000000	2351
chr9	98000001	99000000	1224
chr9	99000001	100000000	1018
chr9	100000001	101000000	610
chr9	101000001	102000000	709
chr9	102000001	103000000	61
chr9	103000001	104000000	211
chr9	104000001	105000000	739
chr9	105000001	106000000	628
chr9	106000001	107000000	193
chr9	107000001	108000000	791
chr9	108000001	109000000	345
chr9	109000001	110000000	1024
chr9	110000001	111000000	453
chr9	111000001	112000000	1114
chr9	112000001	113000000	1086
chr9	113000001	114000000	2953
chr9	114000001	115000000	948
chr9	115000001	116000000	45
chr9	116000001	117000000	338
chr9	117000001	118000000	378
chr9	118000001	119000000	237
chr9	119000001	120000000	277
chr9	120000001	121000000	1084
chr9	121000001	122000000	1152
chr9	122000001	123000000	1405
chr9	123000001	124000000	771
chr9	124000001	125000000	2528
chr9	125000001	126000000	1338
chr9	126000001	127000000	1749
chr9	127000001	128000000	2583
chr9	128000001	129000000	3263
chr9	129000001	130000000	3189
chr9	130000001	131000000	2537
chr9	131000001	132000000	1881
chr9	132000001	133000000	2037
chr9	133000001	134000000	3004
chr9	134000001	135000000	2368
chr9	135000001	136000000	2475
chr9	136000001	137000000	8548
chr9	137000001	138000000	8154
chr9	138000001	138394717	446
chr10	1	1000000	3013
chr10	1000001	2000000	1397
chr10	2000001	3000000	490
chr10	3000001	4000000	1028
chr10	4000001	5000000	206
chr10	5000001	6000000	1217
chr10	6000001	7000000	1024
chr10	7000001	8000000	850
chr10	8000001	9000000	959
chr10	9000001	10000000	417
chr10	10000001	11000000	77
chr10	11000001	12000000	1081
chr10	12000001	13000000	870
chr10	13000001	14000000	1337
chr10	14000001	15000000	804
chr10	15000001	16000000	877
chr10	16000001	17000000	419
chr10	17000001	18000000	893
chr10	18000001	19000000	370
chr10	19000001	20000000	415
chr10	20000001	21000000	99
chr10	21000001	22000000	1366
chr10	22000001	23000000	1971
chr10	23000001	24000000	1134
chr10	24000001	25000000	500
chr10	25000001	26000000	442
chr10	26000001	27000000	838
chr10	27000001	28000000	1335
chr10	28000001	29000000	908
chr10	29000001	30000000	430
chr10	30000001	31000000	410
chr10	31000001	32000000	911
chr10	32000001	33000000	694
chr10	33000001	34000000	367
chr10	34000001	35000000	423
chr10	35000001	36000000	1291
chr10	36000001	37000000	254
chr10	37000001	38000000	413
chr10	38000001	39000000	675
chr10	39000001	40000000	83
chr10	40000001	41000000	25
chr10	41000001	42000000	0
chr10	42000001	43000000	1678
chr10	43000001	44000000	2227
chr10	44000001	45000000	676
chr10	45000001	46000000	1247
chr10	46000001	47000000	1182
chr10	47000001	48000000	912
chr10	48000001	49000000	715
chr10	49000001	50000000	1145
chr10	50000001	51000000	800
chr10	51000001	52000000	295
chr10	52000001	53000000	339
chr10	53000001	54000000	168
chr10	54000001	55000000	171
chr10	55000001	56000000	259
chr10	56000001	57000000	146
chr10	57000001	58000000	208
chr10	58000001	59000000	651
chr10	59000001	60000000	581
chr10	60000001	61000000	371
chr10	61000001	62000000	368
chr10	62000001	63000000	811
chr10	63000001	64000000	601
chr10	64000001	65000000	218
chr10	65000001	66000000	171
chr10	66000001	67000000	112
chr10	67000001	68000000	424
chr10	68000001	69000000	1291
chr10	69000001	70000000	1030
chr10	70000001	71000000	1734
chr10	71000001	72000000	935
chr10	72000001	73000000	945
chr10	73000001	74000000	1715
chr10	74000001	75000000	498
chr10	75000001	76000000	1692
chr10	76000001	77000000	116
chr10	77000001	78000000	560
chr10	78000001	79000000	360
chr10	79000001	80000000	1511
chr10	80000001	81000000	980
chr10	81000001	82000000	473
chr10	82000001	83000000	44
chr10	83000001	84000000	97
chr10	84000001	85000000	618
chr10	85000001	86000000	148
chr10	86000001	87000000	1896
chr10	87000001	88000000	1113
chr10	88000001	89000000	269
chr10	89000001	90000000	551
chr10	90000001	91000000	234
chr10	91000001	92000000	956
chr10	92000001	93000000	1285
chr10	93000001	94000000	1305
chr10	94000001	95000000	383
chr10	95000001	96000000	655
chr10	96000001	97000000	1120
chr10	97000001	98000000	1976
chr10	98000001	99000000	577
chr10	99000001	100000000	1766
chr10	100000001	101000000	3144
chr10	101000001	102000000	3418
chr10	102000001	103000000	2921
chr10	103000001	104000000	1857
chr10	104000001	105000000	817
chr10	105000001	106000000	120
chr10	106000001	107000000	104
chr10	107000001	108000000	420
chr10	108000001	109000000	154
chr10	109000001	110000000	274
chr10	110000001	111000000	1630
chr10	111000001	112000000	531
chr10	112000001	113000000	551
chr10	113000001	114000000	289
chr10	114000001	115000000	1088
chr10	115000001	116000000	363
chr10	116000001	117000000	1071
chr10	117000001	118000000	2150
chr10	118000001	119000000	623
chr10	119000001	120000000	1876
chr10	120000001	121000000	629
chr10	121000001	122000000	733
chr10	122000001	123000000	1053
chr10	123000001	124000000	1546
chr10	124000001	125000000	1715
chr10	125000001	126000000	1246
chr10	126000001	127000000	532
chr10	127000001	128000000	732
chr10	128000001	129000000	690
chr10	129000001	130000000	1435
chr10	130000001	131000000	713
chr10	131000001	132000000	1166
chr10	132000001	133000000	4826
chr10	133000001	133797422	9975
chr11	1	1000000	9609
chr11	1000001	2000000	4131
chr11	2000001	3000000	3441
chr11	3000001	4000000	1487
chr11	4000001	5000000	416
chr11	5000001	6000000	302
chr11	6000001	7000000	1470
chr11	7000001	8000000	826
chr11	8000001	9000000	1206
chr11	9000001	10000000	1552
chr11	10000001	11000000	1172
chr11	11000001	12000000	309
chr11	12000001	13000000	669
chr11	13000001	14000000	996
chr11	14000001	15000000	971
chr11	15000001	16000000	308
chr11	16000001	17000000	597
chr11	17000001	18000000	1670
chr11	18000001	19000000	1157
chr11	19000001	20000000	783
chr11	20000001	21000000	1019
chr11	21000001	22000000	117
chr11	22000001	23000000	574
chr11	23000001	24000000	183
chr11	24000001	25000000	200
chr11	25000001	26000000	84
chr11	26000001	27000000	178
chr11	27000001	28000000	605
chr11	28000001	29000000	119
chr11	29000001	30000000	58
chr11	30000001	31000000	444
chr11	31000001	32000000	1150
chr11	32000001	33000000	1129
chr11	33000001	34000000	1398
chr11	34000001	35000000	771
chr11	35000001	36000000	710
chr11	36000001	37000000	363
chr11	37000001	38000000	41
chr11	38000001	39000000	92
chr11	39000001	40000000	271
chr11	40000001	41000000	108
chr11	41000001	42000000	70
chr11	42000001	43000000	88
chr11	43000001	44000000	907
chr11	44000001	45000000	1303
chr11	45000001	46000000	1554
chr11	46000001	47000000	2090
chr11	47000001	48000000	2013
chr11	48000001	49000000	210
chr11	49000001	50000000	670
chr11	50000001	51000000	151
chr11	51000001	52000000	0
chr11	52000001	53000000	0
chr11	53000001	54000000	0
chr11	54000001	55000000	0
chr11	55000001	56000000	213
chr11	56000001	57000000	114
chr11	57000001	58000000	1464
chr11	58000001	59000000	340
chr11	59000001	60000000	1020
chr11	60000001	61000000	906
chr11	61000001	62000000	2630
chr11	62000001	63000000	2599
chr11	63000001	64000000	1956
chr11	64000001	65000000	5207
chr11	65000001	66000000	6078
chr11	66000001	67000000	4440
chr11	67000001	68000000	3536
chr11	68000001	69000000	2613
chr11	69000001	70000000	2168
chr11	70000001	71000000	1045
chr11	71000001	72000000	1030
chr11	72000001	73000000	1485
chr11	73000001	74000000	1528
chr11	74000001	75000000	1085
chr11	75000001	76000000	1622
chr11	76000001	77000000	1549
chr11	77000001	78000000	1175
chr11	78000001	79000000	840
chr11	79000001	80000000	579
chr11	80000001	81000000	60
chr11	81000001	82000000	111
chr11	82000001	83000000	553
chr11	83000001	84000000	348
chr11	84000001	85000000	270
chr11	85000001	86000000	636
chr11	86000001	87000000	927
chr11	87000001	88000000	151
chr11	88000001	89000000	333
chr11	89000001	90000000	713
chr11	90000001	91000000	428
chr11	91000001	92000000	119
chr11	92000001	93000000	473
chr11	93000001	94000000	792
chr11	94000001	95000000	1004
chr11	95000001	96000000	988
chr11	96000001	97000000	310
chr11	97000001	98000000	146
chr11	98000001	99000000	91
chr11	99000001	100000000	129
chr11	100000001	101000000	207
chr11	101000001	102000000	535
chr11	102000001	103000000	748
chr11	103000001	104000000	186
chr11	104000001	105000000	252
chr11	105000001	106000000	243
chr11	106000001	107000000	222
chr11	107000001	108000000	688
chr11	108000001	109000000	603
chr11	109000001	110000000	286
chr11	110000001	111000000	754
chr11	111000001	112000000	900
chr11	112000001	113000000	602
chr11	113000001	114000000	601
chr11	114000001	115000000	660
chr11	115000001	116000000	379
chr11	116000001	117000000	569
chr11	117000001	118000000	1101
chr11	118000001	119000000	1643
chr11	119000001	120000000	2291
chr11	120000001	121000000	977
chr11	121000001	122000000	502
chr11	122000001	123000000	551
chr11	123000001	124000000	808
chr11	124000001	125000000	1307
chr11	125000001	126000000	1251
chr11	126000001	127000000	642
chr11	127000001	128000000	309
chr11	128000001	129000000	718
chr11	129000001	130000000	1027
chr11	130000001	131000000	1445
chr11	131000001	132000000	310
chr11	132000001	133000000	216
chr11	133000001	134000000	934
chr11	134000001	135000000	1753
chr11	135000001	135086622	95
chr12	1	1000000	2072
chr12	1000001	2000000	1411
chr12	2000001	3000000	1475
chr12	3000001	4000000	1027
chr12	4000001	5000000	1311
chr12	5000001	6000000	631
chr12	6000001	7000000	3602
chr12	7000001	8000000	1096
chr12	8000001	9000000	1316
chr12	9000001	10000000	598
chr12	10000001	11000000	677
chr12	11000001	12000000	403
chr12	12000001	13000000	1514
chr12	13000001	14000000	574
chr12	14000001	15000000	589
chr12	15000001	16000000	549
chr12	16000001	17000000	196
chr12	17000001	18000000	220
chr12	18000001	19000000	170
chr12	19000001	20000000	544
chr12	20000001	21000000	426
chr12	21000001	22000000	551
chr12	22000001	23000000	583
chr12	23000001	24000000	185
chr12	24000001	25000000	448
chr12	25000001	26000000	621
chr12	26000001	27000000	811
chr12	27000001	28000000	792
chr12	28000001	29000000	212
chr12	29000001	30000000	569
chr12	30000001	31000000	625
chr12	31000001	32000000	1119
chr12	32000001	33000000	795
chr12	33000001	34000000	251
chr12	34000001	35000000	570
chr12	35000001	36000000	0
chr12	36000001	37000000	0
chr12	37000001	38000000	149
chr12	38000001	39000000	563
chr12	39000001	40000000	392
chr12	40000001	41000000	368
chr12	41000001	42000000	244
chr12	42000001	43000000	1085
chr12	43000001	44000000	686
chr12	44000001	45000000	334
chr12	45000001	46000000	913
chr12	46000001	47000000	723
chr12	47000001	48000000	839
chr12	48000001	49000000	2212
chr12	49000001	50000000	3169
chr12	50000001	51000000	1017
chr12	51000001	52000000	2177
chr12	52000001	53000000	1742
chr12	53000001	54000000	3244
chr12	54000001	55000000	1812
chr12	55000001	56000000	1031
chr12	56000001	57000000	2224
chr12	57000001	58000000	3499
chr12	58000001	59000000	198
chr12	59000001	60000000	187
chr12	60000001	61000000	115
chr12	61000001	62000000	76
chr12	62000001	63000000	843
chr12	63000001	64000000	556
chr12	64000001	65000000	1074
chr12	65000001	66000000	933
chr12	66000001	67000000	462
chr12	67000001	68000000	558
chr12	68000001	69000000	670
chr12	69000001	70000000	1004
chr12	70000001	71000000	542
chr12	71000001	72000000	578
chr12	72000001	73000000	338
chr12	73000001	74000000	111
chr12	74000001	75000000	307
chr12	75000001	76000000	440
chr12	76000001	77000000	847
chr12	77000001	78000000	324
chr12	78000001	79000000	124
chr12	79000001	80000000	579
chr12	80000001	81000000	422
chr12	81000001	82000000	261
chr12	82000001	83000000	351
chr12	83000001	84000000	116
chr12	84000001	85000000	392
chr12	85000001	86000000	201
chr12	86000001	87000000	231
chr12	87000001	88000000	98
chr12	88000001	89000000	310
chr12	89000001	90000000	809
chr12	90000001	91000000	259
chr12	91000001	92000000	181
chr12	92000001	93000000	443
chr12	93000001	94000000	754
chr12	94000001	95000000	807
chr12	95000001	96000000	1124
chr12	96000001	97000000	755
chr12	97000001	98000000	133
chr12	98000001	99000000	759
chr12	99000001	100000000	233
chr12	100000001	101000000	659
chr12	101000001	102000000	831
chr12	102000001	103000000	546
chr12	103000001	104000000	567
chr12	104000001	105000000	996
chr12	105000001	106000000	465
chr12	106000001	107000000	1431
chr12	107000001	108000000	1051
chr12	108000001	109000000	758
chr12	109000001	110000000	1222
chr12	110000001	111000000	1270
chr12	111000001	112000000	1405
chr12	112000001	113000000	922
chr12	113000001	114000000	1758
chr12	114000001	115000000	1333
chr12	115000001	116000000	157
chr12	116000001	117000000	962
chr12	117000001	118000000	806
chr12	118000001	119000000	975
chr12	119000001	120000000	839
chr12	120000001	121000000	2517
chr12	121000001	122000000	2773
chr12	122000001	123000000	2449
chr12	123000001	124000000	2563
chr12	124000001	125000000	1801
chr12	125000001	126000000	712
chr12	126000001	127000000	271
chr12	127000001	128000000	424
chr12	128000001	129000000	888
chr12	129000001	130000000	689
chr12	130000001	131000000	1445
chr12	131000001	132000000	2558
chr12	132000001	133000000	7583
chr12	133000001	133275309	485
chr13	1	1000000	0
chr13	1000001	2000000	0
chr13	2000001	3000000	0
chr13	3000001	4000000	0
chr13	4000001	5000000	0
chr13	5000001	6000000	0
chr13	6000001	7000000	0
chr13	7000001	8000000	0
chr13	8000001	9000000	0
chr13	9000001	10000000	0
chr13	10000001	11000000	0
chr13	11000001	12000000	0
chr13	12000001	13000000	0
chr13	13000001	14000000	0
chr13	14000001	15000000	0
chr13	15000001	16000000	0
chr13	16000001	17000000	0
chr13	17000001	18000000	0
chr13	18000001	19000000	1455
chr13	19000001	20000000	1261
chr13	20000001	21000000	2141
chr13	21000001	22000000	1685
chr13	22000001	23000000	576
chr13	23000001	24000000	1034
chr13	24000001	25000000	1413
chr13	25000001	26000000	1070
chr13	26000001	27000000	979
chr13	27000001	28000000	2346
chr13	28000001	29000000	1058
chr13	29000001	30000000	546
chr13	30000001	31000000	1164
chr13	31000001	32000000	619
chr13	32000001	33000000	621
chr13	33000001	34000000	487
chr13	34000001	35000000	224
chr13	35000001	36000000	281
chr13	36000001	37000000	968
chr13	37000001	38000000	368
chr13	38000001	39000000	252
chr13	39000001	40000000	338
chr13	40000001	41000000	891
chr13	41000001	42000000	1117
chr13	42000001	43000000	924
chr13	43000001	44000000	754
chr13	44000001	45000000	927
chr13	45000001	46000000	735
chr13	46000001	47000000	679
chr13	47000001	48000000	110
chr13	48000001	49000000	958
chr13	49000001	50000000	1244
chr13	50000001	51000000	1053
chr13	51000001	52000000	703
chr13	52000001	53000000	1802
chr13	53000001	54000000	279
chr13	54000001	55000000	169
chr13	55000001	56000000	97
chr13	56000001	57000000	101
chr13	57000001	58000000	736
chr13	58000001	59000000	328
chr13	59000001	60000000	174
chr13	60000001	61000000	487
chr13	61000001	62000000	204
chr13	62000001	63000000	119
chr13	63000001	64000000	294
chr13	64000001	65000000	158
chr13	65000001	66000000	135
chr13	66000001	67000000	255
chr13	67000001	68000000	262
chr13	68000001	69000000	226
chr13	69000001	70000000	130
chr13	70000001	71000000	282
chr13	71000001	72000000	333
chr13	72000001	73000000	363
chr13	73000001	74000000	340
chr13	74000001	75000000	366
chr13	75000001	76000000	585
chr13	76000001	77000000	481
chr13	77000001	78000000	717
chr13	78000001	79000000	692
chr13	79000001	80000000	380
chr13	80000001	81000000	471
chr13	81000001	82000000	159
chr13	82000001	83000000	245
chr13	83000001	84000000	182
chr13	84000001	85000000	197
chr13	85000001	86000000	224
chr13	86000001	87000000	231
chr13	87000001	88000000	415
chr13	88000001	89000000	261
chr13	89000001	90000000	133
chr13	90000001	91000000	208
chr13	91000001	92000000	535
chr13	92000001	93000000	230
chr13	93000001	94000000	209
chr13	94000001	95000000	859
chr13	95000001	96000000	834
chr13	96000001	97000000	428
chr13	97000001	98000000	655
chr13	98000001	99000000	941
chr13	99000001	100000000	2377
chr13	100000001	101000000	555
chr13	101000001	102000000	443
chr13	102000001	103000000	813
chr13	103000001	104000000	238
chr13	104000001	105000000	187
chr13	105000001	106000000	133
chr13	106000001	107000000	817
chr13	107000001	108000000	486
chr13	108000001	109000000	463
chr13	109000001	110000000	1088
chr13	110000001	111000000	1970
chr13	111000001	112000000	1169
chr13	112000001	113000000	3643
chr13	113000001	114000000	4949
chr13	114000001	114364328	2459
chr14	1	1000000	0
chr14	1000001	2000000	0
chr14	2000001	3000000	0
chr14	3000001	4000000	0
chr14	4000001	5000000	0
chr14	5000001	6000000	0
chr14	6000001	7000000	0
chr14	7000001	8000000	0
chr14	8000001	9000000	0
chr14	9000001	10000000	0
chr14	10000001	11000000	0
chr14	11000001	12000000	0
chr14	12000001	13000000	0
chr14	13000001	14000000	0
chr14	14000001	15000000	0
chr14	15000001	16000000	0
chr14	16000001	17000000	261
chr14	17000001	18000000	0
chr14	18000001	19000000	339
chr14	19000001	20000000	1098
chr14	20000001	21000000	962
chr14	21000001	22000000	1274
chr14	22000001	23000000	1080
chr14	23000001	24000000	1801
chr14	24000001	25000000	2022
chr14	25000001	26000000	264
chr14	26000001	27000000	364
chr14	27000001	28000000	221
chr14	28000001	29000000	525
chr14	29000001	30000000	233
chr14	30000001	31000000	378
chr14	31000001	32000000	640
chr14	32000001	33000000	816
chr14	33000001	34000000	520
chr14	34000001	35000000	1405
chr14	35000001	36000000	1124
chr14	36000001	37000000	1537
chr14	37000001	38000000	1003
chr14	38000001	39000000	552
chr14	39000001	40000000	675
chr14	40000001	41000000	178
chr14	41000001	42000000	416
chr14	42000001	43000000	194
chr14	43000001	44000000	204
chr14	44000001	45000000	446
chr14	45000001	46000000	362
chr14	46000001	47000000	224
chr14	47000001	48000000	481
chr14	48000001	49000000	118
chr14	49000001	50000000	1488
chr14	50000001	51000000	1342
chr14	51000001	52000000	801
chr14	52000001	53000000	1113
chr14	53000001	54000000	684
chr14	54000001	55000000	1038
chr14	55000001	56000000	874
chr14	56000001	57000000	982
chr14	57000001	58000000	508
chr14	58000001	59000000	936
chr14	59000001	60000000	970
chr14	60000001	61000000	1591
chr14	61000001	62000000	863
chr14	62000001	63000000	250
chr14	63000001	64000000	976
chr14	64000001	65000000	1765
chr14	65000001	66000000	645
chr14	66000001	67000000	232
chr14	67000001	68000000	1046
chr14	68000001	69000000	741
chr14	69000001	70000000	1546
chr14	70000001	71000000	1122
chr14	71000001	72000000	526
chr14	72000001	73000000	456
chr14	73000001	74000000	2134
chr14	74000001	75000000	1433
chr14	75000001	76000000	1144
chr14	76000001	77000000	918
chr14	77000001	78000000	1936
chr14	78000001	79000000	87
chr14	79000001	80000000	305
chr14	80000001	81000000	233
chr14	81000001	82000000	620
chr14	82000001	83000000	85
chr14	83000001	84000000	236
chr14	84000001	85000000	171
chr14	85000001	86000000	498
chr14	86000001	87000000	202
chr14	87000001	88000000	288
chr14	88000001	89000000	863
chr14	89000001	90000000	791
chr14	90000001	91000000	1142
chr14	91000001	92000000	1257
chr14	92000001	93000000	985
chr14	93000001	94000000	1093
chr14	94000001	95000000	772
chr14	95000001	96000000	867
chr14	96000001	97000000	825
chr14	97000001	98000000	255
chr14	98000001	99000000	101
chr14	99000001	100000000	2502
chr14	100000001	101000000	2805
chr14	101000001	102000000	1963
chr14	102000001	103000000	2637
chr14	103000001	104000000	3774
chr14	104000001	105000000	4568
chr14	105000001	106000000	4888
chr14	106000001	107000000	642
chr14	107000001	107043718	0
chr15	1	1000000	0
chr15	1000001	2000000	0
chr15	2000001	3000000	0
chr15	3000001	4000000	0
chr15	4000001	5000000	0
chr15	5000001	6000000	0
chr15	6000001	7000000	0
chr15	7000001	8000000	0
chr15	8000001	9000000	0
chr15	9000001	10000000	0
chr15	10000001	11000000	0
chr15	11000001	12000000	0
chr15	12000001	13000000	0
chr15	13000001	14000000	0
chr15	14000001	15000000	0
chr15	15000001	16000000	0
chr15	16000001	17000000	0
chr15	17000001	18000000	0
chr15	18000001	19000000	0
chr15	19000001	20000000	235
chr15	20000001	21000000	1168
chr15	21000001	22000000	899
chr15	22000001	23000000	1470
chr15	23000001	24000000	871
chr15	24000001	25000000	459
chr15	25000001	26000000	488
chr15	26000001	27000000	1042
chr15	27000001	28000000	301
chr15	28000001	29000000	1977
chr15	29000001	30000000	1038
chr15	30000001	31000000	1537
chr15	31000001	32000000	1503
chr15	32000001	33000000	1370
chr15	33000001	34000000	308
chr15	34000001	35000000	1661
chr15	35000001	36000000	394
chr15	36000001	37000000	499
chr15	37000001	38000000	484
chr15	38000001	39000000	487
chr15	39000001	40000000	602
chr15	40000001	41000000	3388
chr15	41000001	42000000	2253
chr15	42000001	43000000	698
chr15	43000001	44000000	1500
chr15	44000001	45000000	768
chr15	45000001	46000000	1811
chr15	46000001	47000000	115
chr15	47000001	48000000	383
chr15	48000001	49000000	703
chr15	49000001	50000000	371
chr15	50000001	51000000	948
chr15	51000001	52000000	1061
chr15	52000001	53000000	1650
chr15	53000001	54000000	94
chr15	54000001	55000000	154
chr15	55000001	56000000	1147
chr15	56000001	57000000	787
chr15	57000001	58000000	331
chr15	58000001	59000000	819
chr15	59000001	60000000	646
chr15	60000001	61000000	885
chr15	61000001	62000000	314
chr15	62000001	63000000	954
chr15	63000001	64000000	1257
chr15	64000001	65000000	1490
chr15	65000001	66000000	1923
chr15	66000001	67000000	1247
chr15	67000001	68000000	1533
chr15	68000001	69000000	1440
chr15	69000001	70000000	612
chr15	70000001	71000000	1059
chr15	71000001	72000000	365
chr15	72000001	73000000	1356
chr15	73000001	74000000	1343
chr15	74000001	75000000	2487
chr15	75000001	76000000	2345
chr15	76000001	77000000	1177
chr15	77000001	78000000	1006
chr15	78000001	79000000	1833
chr15	79000001	80000000	937
chr15	80000001	81000000	964
chr15	81000001	82000000	805
chr15	82000001	83000000	2023
chr15	83000001	84000000	1261
chr15	84000001	85000000	1846
chr15	85000001	86000000	773
chr15	86000001	87000000	26
chr15	87000001	88000000	41
chr15	88000001	89000000	1031
chr15	89000001	90000000	2532
chr15	90000001	91000000	2346
chr15	91000001	92000000	439
chr15	92000001	93000000	929
chr15	93000001	94000000	761
chr15	94000001	95000000	359
chr15	95000001	96000000	116
chr15	96000001	97000000	1282
chr15	97000001	98000000	358
chr15	98000001	99000000	1088
chr15	99000001	100000000	1635
chr15	100000001	101000000	1715
chr15	101000001	101991189	2477
chr16	1	1000000	11104
chr16	1000001	2000000	9270
chr16	2000001	3000000	8691
chr16	3000001	4000000	4567
chr16	4000001	5000000	3698
chr16	5000001	6000000	539
chr16	6000001	7000000	324
chr16	7000001	8000000	130
chr16	8000001	9000000	999
chr16	9000001	10000000	401
chr16	10000001	11000000	972
chr16	11000001	12000000	1796
chr16	12000001	13000000	515
chr16	13000001	14000000	160
chr16	14000001	15000000	1393
chr16	15000001	16000000	1144
chr16	16000001	17000000	1079
chr16	17000001	18000000	315
chr16	18000001	19000000	1314
chr16	19000001	20000000	1084
chr16	20000001	21000000	544
chr16	21000001	22000000	1135
chr16	22000001	23000000	1239
chr16	23000001	24000000	1313
chr16	24000001	25000000	523
chr16	25000001	26000000	795
chr16	26000001	27000000	204
chr16	27000001	28000000	389
chr16	28000001	29000000	2626
chr16	29000001	30000000	2485
chr16	30000001	31000000	5238
chr16	31000001	32000000	3071
chr16	32000001	33000000	1976
chr16	33000001	34000000	1906
chr16	34000001	35000000	1795
chr16	35000001	36000000	729
chr16	36000001	37000000	179
chr16	37000001	38000000	0
chr16	38000001	39000000	0
chr16	39000001	40000000	0
chr16	40000001	41000000	0
chr16	41000001	42000000	0
chr16	42000001	43000000	0
chr16	43000001	44000000	0
chr16	44000001	45000000	0
chr16	45000001	46000000	0
chr16	46000001	47000000	961
chr16	47000001	48000000	492
chr16	48000001	49000000	868
chr16	49000001	50000000	1325
chr16	50000001	51000000	1255
chr16	51000001	52000000	743
chr16	52000001	53000000	239
chr16	53000001	54000000	777
chr16	54000001	55000000	1732
chr16	55000001	56000000	641
chr16	56000001	57000000	1403
chr16	57000001	58000000	1570
chr16	58000001	59000000	1751
chr16	59000001	60000000	102
chr16	60000001	61000000	89
chr16	61000001	62000000	382
chr16	62000001	63000000	443
chr16	63000001	64000000	316
chr16	64000001	65000000	127
chr16	65000001	66000000	324
chr16	66000001	67000000	1874
chr16	67000001	68000000	5034
chr16	68000001	69000000	1945
chr16	69000001	70000000	1666
chr16	70000001	71000000	1740
chr16	71000001	72000000	1274
chr16	72000001	73000000	444
chr16	73000001	74000000	550
chr16	74000001	75000000	1054
chr16	75000001	76000000	1878
chr16	76000001	77000000	141
chr16	77000001	78000000	530
chr16	78000001	79000000	339
chr16	79000001	80000000	477
chr16	80000001	81000000	470
chr16	81000001	82000000	1244
chr16	82000001	83000000	329
chr16	83000001	84000000	610
chr16	84000001	85000000	1322
chr16	85000001	86000000	2936
chr16	86000001	87000000	2076
chr16	87000001	88000000	3037
chr16	88000001	89000000	6492
chr16	89000001	90000000	6584
chr16	90000001	90338345	649
chr17	1	1000000	3658
chr17	1000001	2000000	5078
chr17	2000001	3000000	4039
chr17	3000001	4000000	1901
chr17	4000001	5000000	3524
chr17	5000001	6000000	1424
chr17	6000001	7000000	1293
chr17	7000001	8000000	6130
chr17	8000001	9000000	2861
chr17	9000001	10000000	1172
chr17	10000001	11000000	665
chr17	11000001	12000000	607
chr17	12000001	13000000	585
chr17	13000001	14000000	417
chr17	14000001	15000000	745
chr17	15000001	16000000	1444
chr17	16000001	17000000	1869
chr17	17000001	18000000	2807
chr17	18000001	19000000	2353
chr17	19000001	20000000	2692
chr17	20000001	21000000	1309
chr17	21000001	22000000	2616
chr17	22000001	23000000	2260
chr17	23000001	24000000	0
chr17	24000001	25000000	0
chr17	25000001	26000000	25
chr17	26000001	27000000	749
chr17	27000001	28000000	582
chr17	28000001	29000000	2777
chr17	29000001	30000000	2365
chr17	30000001	31000000	1504
chr17	31000001	32000000	1208
chr17	32000001	33000000	1498
chr17	33000001	34000000	386
chr17	34000001	35000000	788
chr17	35000001	36000000	1538
chr17	36000001	37000000	2290
chr17	37000001	38000000	1034
chr17	38000001	39000000	3413
chr17	39000001	40000000	2281
chr17	40000001	41000000	1857
chr17	41000001	42000000	1279
chr17	42000001	43000000	3819
chr17	43000001	44000000	4024
chr17	44000001	45000000	4216
chr17	45000001	46000000	3087
chr17	46000001	47000000	1825
chr17	47000001	48000000	2035
chr17	48000001	49000000	3527
chr17	49000001	50000000	2705
chr17	50000001	51000000	2584
chr17	51000001	52000000	544
chr17	52000001	53000000	257
chr17	53000001	54000000	196
chr17	54000001	55000000	162
chr17	55000001	56000000	543
chr17	56000001	57000000	882
chr17	57000001	58000000	1064
chr17	58000001	59000000	1416
chr17	59000001	60000000	1260
chr17	60000001	61000000	1401
chr17	61000001	62000000	1849
chr17	62000001	63000000	1355
chr17	63000001	64000000	1757
chr17	64000001	65000000	1578
chr17	65000001	66000000	760
chr17	66000001	67000000	781
chr17	67000001	68000000	1204
chr17	68000001	69000000	1985
chr17	69000001	70000000	379
chr17	70000001	71000000	351
chr17	71000001	72000000	79
chr17	72000001	73000000	642
chr17	73000001	74000000	1107
chr17	74000001	75000000	2628
chr17	75000001	76000000	3945
chr17	76000001	77000000	3861
chr17	77000001	78000000	1488
chr17	78000001	79000000	2239
chr17	79000001	80000000	4073
chr17	80000001	81000000	3229
chr17	81000001	82000000	8764
chr17	82000001	83000000	6640
chr17	83000001	83257441	2216
chr18	1	1000000	2142
chr18	1000001	2000000	268
chr18	2000001	3000000	818
chr18	3000001	4000000	1140
chr18	4000001	5000000	253
chr18	5000001	6000000	1411
chr18	6000001	7000000	472
chr18	7000001	8000000	769
chr18	8000001	9000000	806
chr18	9000001	10000000	1388
chr18	10000001	11000000	581
chr18	11000001	12000000	1320
chr18	12000001	13000000	2534
chr18	13000001	14000000	1076
chr18	14000001	15000000	1248
chr18	15000001	16000000	490
chr18	16000001	17000000	0
chr18	17000001	18000000	0
chr18	18000001	19000000	0
chr18	19000001	20000000	0
chr18	20000001	21000000	0
chr18	21000001	22000000	1004
chr18	22000001	23000000	1073
chr18	23000001	24000000	938
chr18	24000001	25000000	688
chr18	25000001	26000000	350
chr18	26000001	27000000	1016
chr18	27000001	28000000	209
chr18	28000001	29000000	567
chr18	29000001	30000000	123
chr18	30000001	31000000	224
chr18	31000001	32000000	830
chr18	32000001	33000000	806
chr18	33000001	34000000	535
chr18	34000001	35000000	654
chr18	35000001	36000000	900
chr18	36000001	37000000	834
chr18	37000001	38000000	815
chr18	38000001	39000000	68
chr18	39000001	40000000	278
chr18	40000001	41000000	149
chr18	41000001	42000000	160
chr18	42000001	43000000	121
chr18	43000001	44000000	111
chr18	44000001	45000000	379
chr18	45000001	46000000	481
chr18	46000001	47000000	1472
chr18	47000001	48000000	1476
chr18	48000001	49000000	1590
chr18	49000001	50000000	469
chr18	50000001	51000000	1237
chr18	51000001	52000000	413
chr18	52000001	53000000	187
chr18	53000001	54000000	140
chr18	54000001	55000000	594
chr18	55000001	56000000	334
chr18	56000001	57000000	253
chr18	57000001	58000000	1552
chr18	58000001	59000000	769
chr18	59000001	60000000	1202
chr18	60000001	61000000	74
chr18	61000001	62000000	405
chr18	62000001	63000000	1193
chr18	63000001	64000000	779
chr18	64000001	65000000	265
chr18	65000001	66000000	292
chr18	66000001	67000000	215
chr18	67000001	68000000	383
chr18	68000001	69000000	198
chr18	69000001	70000000	429
chr18	70000001	71000000	425
chr18	71000001	72000000	378
chr18	72000001	73000000	792
chr18	73000001	74000000	208
chr18	74000001	75000000	837
chr18	75000001	76000000	972
chr18	76000001	77000000	1716
chr18	77000001	78000000	924
chr18	78000001	79000000	2525
chr18	79000001	80000000	6506
chr18	80000001	80373285	741
chr19	1	1000000	11566
chr19	1000001	2000000	16274
chr19	2000001	3000000	8154
chr19	3000001	4000000	6915
chr19	4000001	5000000	4880
chr19	5000001	6000000	4037
chr19	6000001	7000000	2262
chr19	7000001	8000000	4587
chr19	8000001	9000000	2800
chr19	9000001	10000000	1775
chr19	10000001	11000000	5181
chr19	11000001	12000000	3352
chr19	12000001	13000000	4809
chr19	13000001	14000000	3581
chr19	14000001	15000000	3146
chr19	15000001	16000000	2876
chr19	16000001	17000000	2421
chr19	17000001	18000000	4785
chr19	18000001	19000000	6368
chr19	19000001	20000000	3037
chr19	20000001	21000000	610
chr19	21000001	22000000	832
chr19	22000001	23000000	922
chr19	23000001	24000000	657
chr19	24000001	25000000	53
chr19	25000001	26000000	0
chr19	26000001	27000000	0
chr19	27000001	28000000	175
chr19	28000001	29000000	214
chr19	29000001	30000000	1979
chr19	30000001	31000000	862
chr19	31000001	32000000	473
chr19	32000001	33000000	1039
chr19	33000001	34000000	2810
chr19	34000001	35000000	1835
chr19	35000001	36000000	3699
chr19	36000001	37000000	5689
chr19	37000001	38000000	4297
chr19	38000001	39000000	3793
chr19	39000001	40000000	3059
chr19	40000001	41000000	3514
chr19	41000001	42000000	2387
chr19	42000001	43000000	2425
chr19	43000001	44000000	1725
chr19	44000001	45000000	1653
chr19	45000001	46000000	5976
chr19	46000001	47000000	2879
chr19	47000001	48000000	3735
chr19	48000001	49000000	3995
chr19	49000001	50000000	5724
chr19	50000001	51000000	3831
chr19	51000001	52000000	1883
chr19	52000001	53000000	1915
chr19	53000001	54000000	2681
chr19	54000001	55000000	1978
chr19	55000001	56000000	6312
chr19	56000001	57000000	2607
chr19	57000001	58000000	2457
chr19	58000001	58617616	4845
chr20	1	1000000	2547
chr20	1000001	2000000	1298
chr20	2000001	3000000	1904
chr20	3000001	4000000	3334
chr20	4000001	5000000	1218
chr20	5000001	6000000	1301
chr20	6000001	7000000	782
chr20	7000001	8000000	202
chr20	8000001	9000000	407
chr20	9000001	10000000	430
chr20	10000001	11000000	744
chr20	11000001	12000000	356
chr20	12000001	13000000	155
chr20	13000001	14000000	606
chr20	14000001	15000000	199
chr20	15000001	16000000	124
chr20	16000001	17000000	287
chr20	17000001	18000000	1024
chr20	18000001	19000000	1104
chr20	19000001	20000000	595
chr20	20000001	21000000	921
chr20	21000001	22000000	2136
chr20	22000001	23000000	603
chr20	23000001	24000000	1198
chr20	24000001	25000000	484
chr20	25000001	26000000	2197
chr20	26000001	27000000	516
chr20	27000001	28000000	0
chr20	28000001	29000000	141
chr20	29000001	30000000	1572
chr20	30000001	31000000	1493
chr20	31000001	32000000	1383
chr20	32000001	33000000	1774
chr20	33000001	34000000	1725
chr20	34000001	35000000	1764
chr20	35000001	36000000	1676
chr20	36000001	37000000	2101
chr20	37000001	38000000	1356
chr20	38000001	39000000	1574
chr20	39000001	40000000	104
chr20	40000001	41000000	718
chr20	41000001	42000000	1176
chr20	42000001	43000000	27
chr20	43000001	44000000	1222
chr20	44000001	45000000	1358
chr20	45000001	46000000	1915
chr20	46000001	47000000	2084
chr20	47000001	48000000	500
chr20	48000001	49000000	526
chr20	49000001	50000000	1518
chr20	50000001	51000000	1426
chr20	51000001	52000000	1112
chr20	52000001	53000000	448
chr20	53000001	54000000	637
chr20	54000001	55000000	537
chr20	55000001	56000000	211
chr20	56000001	57000000	1215
chr20	57000001	58000000	1178
chr20	58000001	59000000	2071
chr20	59000001	60000000	1247
chr20	60000001	61000000	191
chr20	61000001	62000000	1718
chr20	62000001	63000000	5659
chr20	63000001	64000000	9379
chr20	64000001	64444167	1809
chr21	1	1000000	0
chr21	1000001	2000000	0
chr21	2000001	3000000	0
chr21	3000001	4000000	0
chr21	4000001	5000000	0
chr21	5000001	6000000	802
chr21	6000001	7000000	1699
chr21	7000001	8000000	152
chr21	8000001	9000000	12106
chr21	9000001	10000000	2327
chr21	10000001	11000000	593
chr21	11000001	12000000	0
chr21	12000001	13000000	0
chr21	13000001	14000000	875
chr21	14000001	15000000	520
chr21	15000001	16000000	449
chr21	16000001	17000000	272
chr21	17000001	18000000	675
chr21	18000001	19000000	284
chr21	19000001	20000000	281
chr21	20000001	21000000	467
chr21	21000001	22000000	108
chr21	22000001	23000000	173
chr21	23000001	24000000	368
chr21	24000001	25000000	147
chr21	25000001	26000000	659
chr21	26000001	27000000	744
chr21	27000001	28000000	234
chr21	28000001	29000000	211
chr21	29000001	30000000	629
chr21	30000001	31000000	61
chr21	31000001	32000000	957
chr21	32000001	33000000	904
chr21	33000001	34000000	2300
chr21	34000001	35000000	1272
chr21	35000001	36000000	204
chr21	36000001	37000000	2149
chr21	37000001	38000000	1217
chr21	38000001	39000000	600
chr21	39000001	40000000	1038
chr21	40000001	41000000	388
chr21	41000001	42000000	1522
chr21	42000001	43000000	1942
chr21	43000001	44000000	2754
chr21	44000001	45000000	3711
chr21	45000001	46000000	4249
chr21	46000001	46709983	3345
chr22	1	1000000	0
chr22	1000001	2000000	0
chr22	2000001	3000000	0
chr22	3000001	4000000	0
chr22	4000001	5000000	0
chr22	5000001	6000000	0
chr22	6000001	7000000	0
chr22	7000001	8000000	0
chr22	8000001	9000000	0
chr22	9000001	10000000	0
chr22	10000001	11000000	951
chr22	11000001	12000000	1070
chr22	12000001	13000000	278
chr22	13000001	14000000	0
chr22	14000001	15000000	0
chr22	15000001	16000000	722
chr22	16000001	17000000	737
chr22	17000001	18000000	2147
chr22	18000001	19000000	2759
chr22	19000001	20000000	4211
chr22	20000001	21000000	4949
chr22	21000001	22000000	3765
chr22	22000001	23000000	519
chr22	23000001	24000000	2514
chr22	24000001	25000000	1431
chr22	25000001	26000000	726
chr22	26000001	27000000	731
chr22	27000001	28000000	795
chr22	28000001	29000000	840
chr22	29000001	30000000	2359
chr22	30000001	31000000	1837
chr22	31000001	32000000	1645
chr22	32000001	33000000	663
chr22	33000001	34000000	524
chr22	34000001	35000000	133
chr22	35000001	36000000	576
chr22	36000001	37000000	1351
chr22	37000001	38000000	3247
chr22	38000001	39000000	3194
chr22	39000001	40000000	2569
chr22	40000001	41000000	957
chr22	41000001	42000000	3559
chr22	42000001	43000000	2743
chr22	43000001	44000000	1900
chr22	44000001	45000000	1204
chr22	45000001	46000000	2495
chr22	46000001	47000000	3410
chr22	47000001	48000000	282
chr22	48000001	49000000	1181
chr22	49000001	50000000	3184
chr22	50000001	50818468	7070
chrX	1	1000000	5336
chrX	1000001	2000000	2075
chrX	2000001	3000000	1109
chrX	3000001	4000000	1600
chrX	4000001	5000000	119
chrX	5000001	6000000	166
chrX	6000001	7000000	383
chrX	7000001	8000000	288
chrX	8000001	9000000	350
chrX	9000001	10000000	766
chrX	10000001	11000000	561
chrX	11000001	12000000	657
chrX	12000001	13000000	561
chrX	13000001	14000000	534
chrX	14000001	15000000	274
chrX	15000001	16000000	555
chrX	16000001	17000000	768
chrX	17000001	18000000	852
chrX	18000001	19000000	814
chrX	19000001	20000000	733
chrX	20000001	21000000	682
chrX	21000001	22000000	822
chrX	22000001	23000000	207
chrX	23000001	24000000	830
chrX	24000001	25000000	951
chrX	25000001	26000000	842
chrX	26000001	27000000	180
chrX	27000001	28000000	199
chrX	28000001	29000000	120
chrX	29000001	30000000	81
chrX	30000001	31000000	668
chrX	31000001	32000000	268
chrX	32000001	33000000	121
chrX	33000001	34000000	145
chrX	34000001	35000000	354
chrX	35000001	36000000	188
chrX	36000001	37000000	371
chrX	37000001	38000000	664
chrX	38000001	39000000	560
chrX	39000001	40000000	365
chrX	40000001	41000000	4154
chrX	41000001	42000000	1105
chrX	42000001	43000000	267
chrX	43000001	44000000	299
chrX	44000001	45000000	600
chrX	45000001	46000000	274
chrX	46000001	47000000	777
chrX	47000001	48000000	1247
chrX	48000001	49000000	2029
chrX	49000001	50000000	1981
chrX	50000001	51000000	400
chrX	51000001	52000000	827
chrX	52000001	53000000	636
chrX	53000001	54000000	1093
chrX	54000001	55000000	997
chrX	55000001	56000000	282
chrX	56000001	57000000	307
chrX	57000001	58000000	329
chrX	58000001	59000000	89
chrX	59000001	60000000	25
chrX	60000001	61000000	0
chrX	61000001	62000000	0
chrX	62000001	63000000	40
chrX	63000001	64000000	252
chrX	64000001	65000000	368
chrX	65000001	66000000	572
chrX	66000001	67000000	51
chrX	67000001	68000000	108
chrX	68000001	69000000	715
chrX	69000001	70000000	689
chrX	70000001	71000000	758
chrX	71000001	72000000	1628
chrX	72000001	73000000	999
chrX	73000001	74000000	500
chrX	74000001	75000000	692
chrX	75000001	76000000	246
chrX	76000001	77000000	404
chrX	77000001	78000000	472
chrX	78000001	79000000	143
chrX	79000001	80000000	139
chrX	80000001	81000000	340
chrX	81000001	82000000	196
chrX	82000001	83000000	99
chrX	83000001	84000000	291
chrX	84000001	85000000	276
chrX	85000001	86000000	287
chrX	86000001	87000000	143
chrX	87000001	88000000	153
chrX	88000001	89000000	181
chrX	89000001	90000000	123
chrX	90000001	91000000	109
chrX	91000001	92000000	434
chrX	92000001	93000000	160
chrX	93000001	94000000	159
chrX	94000001	95000000	105
chrX	95000001	96000000	55
chrX	96000001	97000000	296
chrX	97000001	98000000	246
chrX	98000001	99000000	89
chrX	99000001	100000000	118
chrX	100000001	101000000	925
chrX	101000001	102000000	595
chrX	102000001	103000000	461
chrX	103000001	104000000	922
chrX	104000001	105000000	664
chrX	105000001	106000000	239
chrX	106000001	107000000	354
chrX	107000001	108000000	915
chrX	108000001	109000000	359
chrX	109000001	110000000	353
chrX	110000001	111000000	315
chrX	111000001	112000000	190
chrX	112000001	113000000	306
chrX	113000001	114000000	159
chrX	114000001	115000000	327
chrX	115000001	116000000	4228
chrX	116000001	117000000	54
chrX	117000001	118000000	92
chrX	118000001	119000000	929
chrX	119000001	120000000	1870
chrX	120000001	121000000	1871
chrX	121000001	122000000	264
chrX	122000001	123000000	104
chrX	123000001	124000000	620
chrX	124000001	125000000	173
chrX	125000001	126000000	307
chrX	126000001	127000000	424
chrX	127000001	128000000	179
chrX	128000001	129000000	256
chrX	129000001	130000000	1270
chrX	130000001	131000000	962
chrX	131000001	132000000	434
chrX	132000001	133000000	573
chrX	133000001	134000000	499
chrX	134000001	135000000	887
chrX	135000001	136000000	997
chrX	136000001	137000000	863
chrX	137000001	138000000	1045
chrX	138000001	139000000	257
chrX	139000001	140000000	699
chrX	140000001	141000000	622
chrX	141000001	142000000	319
chrX	142000001	143000000	258
chrX	143000001	144000000	320
chrX	144000001	145000000	228
chrX	145000001	146000000	385
chrX	146000001	147000000	345
chrX	147000001	148000000	330
chrX	148000001	149000000	293
chrX	149000001	150000000	471
chrX	150000001	151000000	1202
chrX	151000001	152000000	834
chrX	152000001	153000000	571
chrX	153000001	154000000	4011
chrX	154000001	155000000	3751
chrX	155000001	156000000	1047
chrX	156000001	156040895	152
chrY	1	1000000	5336
chrY	1000001	2000000	2075
chrY	2000001	3000000	1028
chrY	3000001	4000000	136
chrY	4000001	5000000	306
chrY	5000001	6000000	357
chrY	6000001	7000000	348
chrY	7000001	8000000	404
chrY	8000001	9000000	251
chrY	9000001	10000000	686
chrY	10000001	11000000	272
chrY	11000001	12000000	1032
chrY	12000001	13000000	401
chrY	13000001	14000000	477
chrY	14000001	15000000	392
chrY	15000001	16000000	310
chrY	16000001	17000000	199
chrY	17000001	18000000	465
chrY	18000001	19000000	419
chrY	19000001	20000000	433
chrY	20000001	21000000	78
chrY	21000001	22000000	302
chrY	22000001	23000000	174
chrY	23000001	24000000	303
chrY	24000001	25000000	422
chrY	25000001	26000000	228
chrY	26000001	27000000	250
chrY	27000001	28000000	0
chrY	28000001	29000000	0
chrY	29000001	30000000	0
chrY	30000001	31000000	0
chrY	31000001	32000000	0
chrY	32000001	33000000	0
chrY	33000001	34000000	0
chrY	34000001	35000000	0
chrY	35000001	36000000	0
chrY	36000001	37000000	0
chrY	37000001	38000000	0
chrY	38000001	39000000	0
chrY	39000001	40000000	0
chrY	40000001	41000000	0
chrY	41000001	42000000	0
chrY	42000001	43000000	0
chrY	43000001	44000000	0
chrY	44000001	45000000	0
chrY	45000001	46000000	0
chrY	46000001	47000000	0
chrY	47000001	48000000	0
chrY	48000001	49000000	0
chrY	49000001	50000000	0
chrY	50000001	51000000	0
chrY	51000001	52000000	0
chrY	52000001	53000000	0
chrY	53000001	54000000	0
chrY	54000001	55000000	0
chrY	55000001	56000000	0
chrY	56000001	57000000	16
chrY	57000001	57227415	283
chrM	1	16569	0
