chr1	1	1000000	p
chr1	1000001	2000000	p
chr1	2000001	3000000	p
chr1	3000001	4000000	p
chr1	4000001	5000000	p
chr1	5000001	6000000	p
chr1	6000001	7000000	p
chr1	7000001	8000000	p
chr1	8000001	9000000	p
chr1	9000001	10000000	p
chr1	10000001	11000000	p
chr1	11000001	12000000	p
chr1	12000001	13000000	p
chr1	13000001	14000000	p
chr1	14000001	15000000	p
chr1	15000001	16000000	p
chr1	16000001	17000000	p
chr1	17000001	18000000	p
chr1	18000001	19000000	p
chr1	19000001	20000000	p
chr1	20000001	21000000	p
chr1	21000001	22000000	p
chr1	22000001	23000000	p
chr1	23000001	24000000	p
chr1	24000001	25000000	p
chr1	25000001	26000000	p
chr1	26000001	27000000	p
chr1	27000001	28000000	p
chr1	28000001	29000000	p
chr1	29000001	30000000	p
chr1	30000001	31000000	p
chr1	31000001	32000000	p
chr1	32000001	33000000	p
chr1	33000001	34000000	p
chr1	34000001	35000000	p
chr1	35000001	36000000	p
chr1	36000001	37000000	p
chr1	37000001	38000000	p
chr1	38000001	39000000	p
chr1	39000001	40000000	p
chr1	40000001	41000000	p
chr1	41000001	42000000	p
chr1	42000001	43000000	p
chr1	43000001	44000000	p
chr1	44000001	45000000	p
chr1	45000001	46000000	p
chr1	46000001	47000000	p
chr1	47000001	48000000	p
chr1	48000001	49000000	p
chr1	49000001	50000000	p
chr1	50000001	51000000	p
chr1	51000001	52000000	p
chr1	52000001	53000000	p
chr1	53000001	54000000	p
chr1	54000001	55000000	p
chr1	55000001	56000000	p
chr1	56000001	57000000	p
chr1	57000001	58000000	p
chr1	58000001	59000000	p
chr1	59000001	60000000	p
chr1	60000001	61000000	p
chr1	61000001	62000000	p
chr1	62000001	63000000	p
chr1	63000001	64000000	p
chr1	64000001	65000000	p
chr1	65000001	66000000	p
chr1	66000001	67000000	p
chr1	67000001	68000000	p
chr1	68000001	69000000	p
chr1	69000001	70000000	p
chr1	70000001	71000000	p
chr1	71000001	72000000	p
chr1	72000001	73000000	p
chr1	73000001	74000000	p
chr1	74000001	75000000	p
chr1	75000001	76000000	p
chr1	76000001	77000000	p
chr1	77000001	78000000	p
chr1	78000001	79000000	p
chr1	79000001	80000000	p
chr1	80000001	81000000	p
chr1	81000001	82000000	p
chr1	82000001	83000000	p
chr1	83000001	84000000	p
chr1	84000001	85000000	p
chr1	85000001	86000000	p
chr1	86000001	87000000	p
chr1	87000001	88000000	p
chr1	88000001	89000000	p
chr1	89000001	90000000	p
chr1	90000001	91000000	p
chr1	91000001	92000000	p
chr1	92000001	93000000	p
chr1	93000001	94000000	p
chr1	94000001	95000000	p
chr1	95000001	96000000	p
chr1	96000001	97000000	p
chr1	97000001	98000000	p
chr1	98000001	99000000	p
chr1	99000001	100000000	p
chr1	100000001	101000000	p
chr1	101000001	102000000	p
chr1	102000001	103000000	p
chr1	103000001	104000000	p
chr1	104000001	105000000	p
chr1	105000001	106000000	p
chr1	106000001	107000000	p
chr1	107000001	108000000	p
chr1	108000001	109000000	p
chr1	109000001	110000000	p
chr1	110000001	111000000	p
chr1	111000001	112000000	p
chr1	112000001	113000000	p
chr1	113000001	114000000	p
chr1	114000001	115000000	p
chr1	115000001	116000000	p
chr1	116000001	117000000	p
chr1	117000001	118000000	p
chr1	118000001	119000000	p
chr1	119000001	120000000	p
chr1	120000001	121000000	p
chr1	121000001	122000000	p
chr1	122000001	123000000	cen
chr1	123000001	124000000	cen
chr1	124000001	125000000	cen
chr1	125000001	126000000	cen
chr1	126000001	127000000	cen
chr1	127000001	128000000	cen
chr1	128000001	129000000	cen
chr1	129000001	130000000	q
chr1	130000001	131000000	q
chr1	131000001	132000000	q
chr1	132000001	133000000	q
chr1	133000001	134000000	q
chr1	134000001	135000000	q
chr1	135000001	136000000	q
chr1	136000001	137000000	q
chr1	137000001	138000000	q
chr1	138000001	139000000	q
chr1	139000001	140000000	q
chr1	140000001	141000000	q
chr1	141000001	142000000	q
chr1	142000001	143000000	q
chr1	143000001	144000000	q
chr1	144000001	145000000	q
chr1	145000001	146000000	q
chr1	146000001	147000000	q
chr1	147000001	148000000	q
chr1	148000001	149000000	q
chr1	149000001	150000000	q
chr1	150000001	151000000	q
chr1	151000001	152000000	q
chr1	152000001	153000000	q
chr1	153000001	154000000	q
chr1	154000001	155000000	q
chr1	155000001	156000000	q
chr1	156000001	157000000	q
chr1	157000001	158000000	q
chr1	158000001	159000000	q
chr1	159000001	160000000	q
chr1	160000001	161000000	q
chr1	161000001	162000000	q
chr1	162000001	163000000	q
chr1	163000001	164000000	q
chr1	164000001	165000000	q
chr1	165000001	166000000	q
chr1	166000001	167000000	q
chr1	167000001	168000000	q
chr1	168000001	169000000	q
chr1	169000001	170000000	q
chr1	170000001	171000000	q
chr1	171000001	172000000	q
chr1	172000001	173000000	q
chr1	173000001	174000000	q
chr1	174000001	175000000	q
chr1	175000001	176000000	q
chr1	176000001	177000000	q
chr1	177000001	178000000	q
chr1	178000001	179000000	q
chr1	179000001	180000000	q
chr1	180000001	181000000	q
chr1	181000001	182000000	q
chr1	182000001	183000000	q
chr1	183000001	184000000	q
chr1	184000001	185000000	q
chr1	185000001	186000000	q
chr1	186000001	187000000	q
chr1	187000001	188000000	q
chr1	188000001	189000000	q
chr1	189000001	190000000	q
chr1	190000001	191000000	q
chr1	191000001	192000000	q
chr1	192000001	193000000	q
chr1	193000001	194000000	q
chr1	194000001	195000000	q
chr1	195000001	196000000	q
chr1	196000001	197000000	q
chr1	197000001	198000000	q
chr1	198000001	199000000	q
chr1	199000001	200000000	q
chr1	200000001	201000000	q
chr1	201000001	202000000	q
chr1	202000001	203000000	q
chr1	203000001	204000000	q
chr1	204000001	205000000	q
chr1	205000001	206000000	q
chr1	206000001	207000000	q
chr1	207000001	208000000	q
chr1	208000001	209000000	q
chr1	209000001	210000000	q
chr1	210000001	211000000	q
chr1	211000001	212000000	q
chr1	212000001	213000000	q
chr1	213000001	214000000	q
chr1	214000001	215000000	q
chr1	215000001	216000000	q
chr1	216000001	217000000	q
chr1	217000001	218000000	q
chr1	218000001	219000000	q
chr1	219000001	220000000	q
chr1	220000001	221000000	q
chr1	221000001	222000000	q
chr1	222000001	223000000	q
chr1	223000001	224000000	q
chr1	224000001	225000000	q
chr1	225000001	226000000	q
chr1	226000001	227000000	q
chr1	227000001	228000000	q
chr1	228000001	229000000	q
chr1	229000001	230000000	q
chr1	230000001	231000000	q
chr1	231000001	232000000	q
chr1	232000001	233000000	q
chr1	233000001	234000000	q
chr1	234000001	235000000	q
chr1	235000001	236000000	q
chr1	236000001	237000000	q
chr1	237000001	238000000	q
chr1	238000001	239000000	q
chr1	239000001	240000000	q
chr1	240000001	241000000	q
chr1	241000001	242000000	q
chr1	242000001	243000000	q
chr1	243000001	244000000	q
chr1	244000001	245000000	q
chr1	245000001	246000000	q
chr1	246000001	247000000	q
chr1	247000001	248000000	q
chr1	248000001	249000000	q
chr1	249000001	249250621	q
chr2	1	1000000	p
chr2	1000001	2000000	p
chr2	2000001	3000000	p
chr2	3000001	4000000	p
chr2	4000001	5000000	p
chr2	5000001	6000000	p
chr2	6000001	7000000	p
chr2	7000001	8000000	p
chr2	8000001	9000000	p
chr2	9000001	10000000	p
chr2	10000001	11000000	p
chr2	11000001	12000000	p
chr2	12000001	13000000	p
chr2	13000001	14000000	p
chr2	14000001	15000000	p
chr2	15000001	16000000	p
chr2	16000001	17000000	p
chr2	17000001	18000000	p
chr2	18000001	19000000	p
chr2	19000001	20000000	p
chr2	20000001	21000000	p
chr2	21000001	22000000	p
chr2	22000001	23000000	p
chr2	23000001	24000000	p
chr2	24000001	25000000	p
chr2	25000001	26000000	p
chr2	26000001	27000000	p
chr2	27000001	28000000	p
chr2	28000001	29000000	p
chr2	29000001	30000000	p
chr2	30000001	31000000	p
chr2	31000001	32000000	p
chr2	32000001	33000000	p
chr2	33000001	34000000	p
chr2	34000001	35000000	p
chr2	35000001	36000000	p
chr2	36000001	37000000	p
chr2	37000001	38000000	p
chr2	38000001	39000000	p
chr2	39000001	40000000	p
chr2	40000001	41000000	p
chr2	41000001	42000000	p
chr2	42000001	43000000	p
chr2	43000001	44000000	p
chr2	44000001	45000000	p
chr2	45000001	46000000	p
chr2	46000001	47000000	p
chr2	47000001	48000000	p
chr2	48000001	49000000	p
chr2	49000001	50000000	p
chr2	50000001	51000000	p
chr2	51000001	52000000	p
chr2	52000001	53000000	p
chr2	53000001	54000000	p
chr2	54000001	55000000	p
chr2	55000001	56000000	p
chr2	56000001	57000000	p
chr2	57000001	58000000	p
chr2	58000001	59000000	p
chr2	59000001	60000000	p
chr2	60000001	61000000	p
chr2	61000001	62000000	p
chr2	62000001	63000000	p
chr2	63000001	64000000	p
chr2	64000001	65000000	p
chr2	65000001	66000000	p
chr2	66000001	67000000	p
chr2	67000001	68000000	p
chr2	68000001	69000000	p
chr2	69000001	70000000	p
chr2	70000001	71000000	p
chr2	71000001	72000000	p
chr2	72000001	73000000	p
chr2	73000001	74000000	p
chr2	74000001	75000000	p
chr2	75000001	76000000	p
chr2	76000001	77000000	p
chr2	77000001	78000000	p
chr2	78000001	79000000	p
chr2	79000001	80000000	p
chr2	80000001	81000000	p
chr2	81000001	82000000	p
chr2	82000001	83000000	p
chr2	83000001	84000000	p
chr2	84000001	85000000	p
chr2	85000001	86000000	p
chr2	86000001	87000000	p
chr2	87000001	88000000	p
chr2	88000001	89000000	p
chr2	89000001	90000000	p
chr2	90000001	91000000	p
chr2	91000001	92000000	p
chr2	92000001	93000000	p
chr2	93000001	94000000	p
chr2	94000001	95000000	p
chr2	95000001	96000000	p
chr2	96000001	97000000	p
chr2	97000001	98000000	p
chr2	98000001	99000000	p
chr2	99000001	100000000	p
chr2	100000001	101000000	p
chr2	101000001	102000000	p
chr2	102000001	103000000	p
chr2	103000001	104000000	p
chr2	104000001	105000000	p
chr2	105000001	106000000	p
chr2	106000001	107000000	p
chr2	107000001	108000000	p
chr2	108000001	109000000	p
chr2	109000001	110000000	p
chr2	110000001	111000000	p
chr2	111000001	112000000	p
chr2	112000001	113000000	p
chr2	113000001	114000000	p
chr2	114000001	115000000	p
chr2	115000001	116000000	p
chr2	116000001	117000000	p
chr2	117000001	118000000	p
chr2	118000001	119000000	p
chr2	119000001	120000000	p
chr2	120000001	121000000	p
chr2	121000001	122000000	p
chr2	122000001	123000000	p
chr2	123000001	124000000	p
chr2	124000001	125000000	p
chr2	125000001	126000000	p
chr2	126000001	127000000	p
chr2	127000001	128000000	p
chr2	128000001	129000000	p
chr2	129000001	130000000	p
chr2	130000001	131000000	p
chr2	131000001	132000000	p
chr2	132000001	133000000	p
chr2	133000001	134000000	p
chr2	134000001	135000000	p
chr2	135000001	136000000	p
chr2	136000001	137000000	p
chr2	137000001	138000000	p
chr2	138000001	139000000	p
chr2	139000001	140000000	p
chr2	140000001	141000000	p
chr2	141000001	142000000	p
chr2	142000001	143000000	p
chr2	143000001	144000000	p
chr2	144000001	145000000	p
chr2	145000001	146000000	p
chr2	146000001	147000000	p
chr2	147000001	148000000	p
chr2	148000001	149000000	p
chr2	149000001	150000000	p
chr2	150000001	151000000	p
chr2	151000001	152000000	p
chr2	152000001	153000000	p
chr2	153000001	154000000	p
chr2	154000001	155000000	p
chr2	155000001	156000000	p
chr2	156000001	157000000	p
chr2	157000001	158000000	p
chr2	158000001	159000000	p
chr2	159000001	160000000	p
chr2	160000001	161000000	p
chr2	161000001	162000000	p
chr2	162000001	163000000	p
chr2	163000001	164000000	p
chr2	164000001	165000000	p
chr2	165000001	166000000	p
chr2	166000001	167000000	p
chr2	167000001	168000000	p
chr2	168000001	169000000	p
chr2	169000001	170000000	p
chr2	170000001	171000000	p
chr2	171000001	172000000	p
chr2	172000001	173000000	p
chr2	173000001	174000000	p
chr2	174000001	175000000	p
chr2	175000001	176000000	p
chr2	176000001	177000000	p
chr2	177000001	178000000	p
chr2	178000001	179000000	p
chr2	179000001	180000000	p
chr2	180000001	181000000	p
chr2	181000001	182000000	p
chr2	182000001	183000000	p
chr2	183000001	184000000	p
chr2	184000001	185000000	p
chr2	185000001	186000000	p
chr2	186000001	187000000	p
chr2	187000001	188000000	p
chr2	188000001	189000000	p
chr2	189000001	190000000	p
chr2	190000001	191000000	p
chr2	191000001	192000000	p
chr2	192000001	193000000	p
chr2	193000001	194000000	p
chr2	194000001	195000000	p
chr2	195000001	196000000	p
chr2	196000001	197000000	p
chr2	197000001	198000000	p
chr2	198000001	199000000	p
chr2	199000001	200000000	p
chr2	200000001	201000000	p
chr2	201000001	202000000	p
chr2	202000001	203000000	p
chr2	203000001	204000000	p
chr2	204000001	205000000	p
chr2	205000001	206000000	p
chr2	206000001	207000000	p
chr2	207000001	208000000	p
chr2	208000001	209000000	p
chr2	209000001	210000000	p
chr2	210000001	211000000	p
chr2	211000001	212000000	p
chr2	212000001	213000000	p
chr2	213000001	214000000	p
chr2	214000001	215000000	p
chr2	215000001	216000000	p
chr2	216000001	217000000	p
chr2	217000001	218000000	p
chr2	218000001	219000000	p
chr2	219000001	220000000	p
chr2	220000001	221000000	p
chr2	221000001	222000000	p
chr2	222000001	223000000	p
chr2	223000001	224000000	p
chr2	224000001	225000000	p
chr2	225000001	226000000	p
chr2	226000001	227000000	p
chr2	227000001	228000000	p
chr2	228000001	229000000	p
chr2	229000001	230000000	p
chr2	230000001	231000000	p
chr2	231000001	232000000	p
chr2	232000001	233000000	p
chr2	233000001	234000000	p
chr2	234000001	235000000	p
chr2	235000001	236000000	p
chr2	236000001	237000000	p
chr2	237000001	238000000	p
chr2	238000001	239000000	p
chr2	239000001	240000000	p
chr2	240000001	241000000	p
chr2	241000001	242000000	p
chr2	242000001	243000000	p
chr2	243000001	243199373	p
chr3	1	1000000	p
chr3	1000001	2000000	p
chr3	2000001	3000000	p
chr3	3000001	4000000	p
chr3	4000001	5000000	p
chr3	5000001	6000000	p
chr3	6000001	7000000	p
chr3	7000001	8000000	p
chr3	8000001	9000000	p
chr3	9000001	10000000	p
chr3	10000001	11000000	p
chr3	11000001	12000000	p
chr3	12000001	13000000	p
chr3	13000001	14000000	p
chr3	14000001	15000000	p
chr3	15000001	16000000	p
chr3	16000001	17000000	p
chr3	17000001	18000000	p
chr3	18000001	19000000	p
chr3	19000001	20000000	p
chr3	20000001	21000000	p
chr3	21000001	22000000	p
chr3	22000001	23000000	p
chr3	23000001	24000000	p
chr3	24000001	25000000	p
chr3	25000001	26000000	p
chr3	26000001	27000000	p
chr3	27000001	28000000	p
chr3	28000001	29000000	p
chr3	29000001	30000000	p
chr3	30000001	31000000	p
chr3	31000001	32000000	p
chr3	32000001	33000000	p
chr3	33000001	34000000	p
chr3	34000001	35000000	p
chr3	35000001	36000000	p
chr3	36000001	37000000	p
chr3	37000001	38000000	p
chr3	38000001	39000000	p
chr3	39000001	40000000	p
chr3	40000001	41000000	p
chr3	41000001	42000000	p
chr3	42000001	43000000	p
chr3	43000001	44000000	p
chr3	44000001	45000000	p
chr3	45000001	46000000	p
chr3	46000001	47000000	p
chr3	47000001	48000000	p
chr3	48000001	49000000	p
chr3	49000001	50000000	p
chr3	50000001	51000000	p
chr3	51000001	52000000	p
chr3	52000001	53000000	p
chr3	53000001	54000000	p
chr3	54000001	55000000	p
chr3	55000001	56000000	p
chr3	56000001	57000000	p
chr3	57000001	58000000	p
chr3	58000001	59000000	p
chr3	59000001	60000000	p
chr3	60000001	61000000	p
chr3	61000001	62000000	p
chr3	62000001	63000000	p
chr3	63000001	64000000	p
chr3	64000001	65000000	p
chr3	65000001	66000000	p
chr3	66000001	67000000	p
chr3	67000001	68000000	p
chr3	68000001	69000000	p
chr3	69000001	70000000	p
chr3	70000001	71000000	p
chr3	71000001	72000000	p
chr3	72000001	73000000	p
chr3	73000001	74000000	p
chr3	74000001	75000000	p
chr3	75000001	76000000	p
chr3	76000001	77000000	p
chr3	77000001	78000000	p
chr3	78000001	79000000	p
chr3	79000001	80000000	p
chr3	80000001	81000000	p
chr3	81000001	82000000	p
chr3	82000001	83000000	p
chr3	83000001	84000000	p
chr3	84000001	85000000	p
chr3	85000001	86000000	p
chr3	86000001	87000000	p
chr3	87000001	88000000	p
chr3	88000001	89000000	p
chr3	89000001	90000000	p
chr3	90000001	91000000	p
chr3	91000001	92000000	p
chr3	92000001	93000000	p
chr3	93000001	94000000	p
chr3	94000001	95000000	p
chr3	95000001	96000000	p
chr3	96000001	97000000	p
chr3	97000001	98000000	p
chr3	98000001	99000000	p
chr3	99000001	100000000	p
chr3	100000001	101000000	p
chr3	101000001	102000000	p
chr3	102000001	103000000	p
chr3	103000001	104000000	p
chr3	104000001	105000000	p
chr3	105000001	106000000	p
chr3	106000001	107000000	p
chr3	107000001	108000000	p
chr3	108000001	109000000	p
chr3	109000001	110000000	p
chr3	110000001	111000000	p
chr3	111000001	112000000	p
chr3	112000001	113000000	p
chr3	113000001	114000000	p
chr3	114000001	115000000	p
chr3	115000001	116000000	p
chr3	116000001	117000000	p
chr3	117000001	118000000	p
chr3	118000001	119000000	p
chr3	119000001	120000000	p
chr3	120000001	121000000	p
chr3	121000001	122000000	p
chr3	122000001	123000000	p
chr3	123000001	124000000	p
chr3	124000001	125000000	p
chr3	125000001	126000000	p
chr3	126000001	127000000	p
chr3	127000001	128000000	p
chr3	128000001	129000000	p
chr3	129000001	130000000	p
chr3	130000001	131000000	p
chr3	131000001	132000000	p
chr3	132000001	133000000	p
chr3	133000001	134000000	p
chr3	134000001	135000000	p
chr3	135000001	136000000	p
chr3	136000001	137000000	p
chr3	137000001	138000000	p
chr3	138000001	139000000	p
chr3	139000001	140000000	p
chr3	140000001	141000000	p
chr3	141000001	142000000	p
chr3	142000001	143000000	p
chr3	143000001	144000000	p
chr3	144000001	145000000	p
chr3	145000001	146000000	p
chr3	146000001	147000000	p
chr3	147000001	148000000	p
chr3	148000001	149000000	p
chr3	149000001	150000000	p
chr3	150000001	151000000	p
chr3	151000001	152000000	p
chr3	152000001	153000000	p
chr3	153000001	154000000	p
chr3	154000001	155000000	p
chr3	155000001	156000000	p
chr3	156000001	157000000	p
chr3	157000001	158000000	p
chr3	158000001	159000000	p
chr3	159000001	160000000	p
chr3	160000001	161000000	p
chr3	161000001	162000000	p
chr3	162000001	163000000	p
chr3	163000001	164000000	p
chr3	164000001	165000000	p
chr3	165000001	166000000	p
chr3	166000001	167000000	p
chr3	167000001	168000000	p
chr3	168000001	169000000	p
chr3	169000001	170000000	p
chr3	170000001	171000000	p
chr3	171000001	172000000	p
chr3	172000001	173000000	p
chr3	173000001	174000000	p
chr3	174000001	175000000	p
chr3	175000001	176000000	p
chr3	176000001	177000000	p
chr3	177000001	178000000	p
chr3	178000001	179000000	p
chr3	179000001	180000000	p
chr3	180000001	181000000	p
chr3	181000001	182000000	p
chr3	182000001	183000000	p
chr3	183000001	184000000	p
chr3	184000001	185000000	p
chr3	185000001	186000000	p
chr3	186000001	187000000	p
chr3	187000001	188000000	p
chr3	188000001	189000000	p
chr3	189000001	190000000	p
chr3	190000001	191000000	p
chr3	191000001	192000000	p
chr3	192000001	193000000	p
chr3	193000001	194000000	p
chr3	194000001	195000000	p
chr3	195000001	196000000	p
chr3	196000001	197000000	p
chr3	197000001	198000000	p
chr3	198000001	198022430	p
chr4	1	1000000	p
chr4	1000001	2000000	p
chr4	2000001	3000000	p
chr4	3000001	4000000	p
chr4	4000001	5000000	p
chr4	5000001	6000000	p
chr4	6000001	7000000	p
chr4	7000001	8000000	p
chr4	8000001	9000000	p
chr4	9000001	10000000	p
chr4	10000001	11000000	p
chr4	11000001	12000000	p
chr4	12000001	13000000	p
chr4	13000001	14000000	p
chr4	14000001	15000000	p
chr4	15000001	16000000	p
chr4	16000001	17000000	p
chr4	17000001	18000000	p
chr4	18000001	19000000	p
chr4	19000001	20000000	p
chr4	20000001	21000000	p
chr4	21000001	22000000	p
chr4	22000001	23000000	p
chr4	23000001	24000000	p
chr4	24000001	25000000	p
chr4	25000001	26000000	p
chr4	26000001	27000000	p
chr4	27000001	28000000	p
chr4	28000001	29000000	p
chr4	29000001	30000000	p
chr4	30000001	31000000	p
chr4	31000001	32000000	p
chr4	32000001	33000000	p
chr4	33000001	34000000	p
chr4	34000001	35000000	p
chr4	35000001	36000000	p
chr4	36000001	37000000	p
chr4	37000001	38000000	p
chr4	38000001	39000000	p
chr4	39000001	40000000	p
chr4	40000001	41000000	p
chr4	41000001	42000000	p
chr4	42000001	43000000	p
chr4	43000001	44000000	p
chr4	44000001	45000000	p
chr4	45000001	46000000	p
chr4	46000001	47000000	p
chr4	47000001	48000000	p
chr4	48000001	49000000	p
chr4	49000001	50000000	p
chr4	50000001	51000000	p
chr4	51000001	52000000	p
chr4	52000001	53000000	p
chr4	53000001	54000000	p
chr4	54000001	55000000	p
chr4	55000001	56000000	p
chr4	56000001	57000000	p
chr4	57000001	58000000	p
chr4	58000001	59000000	p
chr4	59000001	60000000	p
chr4	60000001	61000000	p
chr4	61000001	62000000	p
chr4	62000001	63000000	p
chr4	63000001	64000000	p
chr4	64000001	65000000	p
chr4	65000001	66000000	p
chr4	66000001	67000000	p
chr4	67000001	68000000	p
chr4	68000001	69000000	p
chr4	69000001	70000000	p
chr4	70000001	71000000	p
chr4	71000001	72000000	p
chr4	72000001	73000000	p
chr4	73000001	74000000	p
chr4	74000001	75000000	p
chr4	75000001	76000000	p
chr4	76000001	77000000	p
chr4	77000001	78000000	p
chr4	78000001	79000000	p
chr4	79000001	80000000	p
chr4	80000001	81000000	p
chr4	81000001	82000000	p
chr4	82000001	83000000	p
chr4	83000001	84000000	p
chr4	84000001	85000000	p
chr4	85000001	86000000	p
chr4	86000001	87000000	p
chr4	87000001	88000000	p
chr4	88000001	89000000	p
chr4	89000001	90000000	p
chr4	90000001	91000000	p
chr4	91000001	92000000	p
chr4	92000001	93000000	p
chr4	93000001	94000000	p
chr4	94000001	95000000	p
chr4	95000001	96000000	p
chr4	96000001	97000000	p
chr4	97000001	98000000	p
chr4	98000001	99000000	p
chr4	99000001	100000000	p
chr4	100000001	101000000	p
chr4	101000001	102000000	p
chr4	102000001	103000000	p
chr4	103000001	104000000	p
chr4	104000001	105000000	p
chr4	105000001	106000000	p
chr4	106000001	107000000	p
chr4	107000001	108000000	p
chr4	108000001	109000000	p
chr4	109000001	110000000	p
chr4	110000001	111000000	p
chr4	111000001	112000000	p
chr4	112000001	113000000	p
chr4	113000001	114000000	p
chr4	114000001	115000000	p
chr4	115000001	116000000	p
chr4	116000001	117000000	p
chr4	117000001	118000000	p
chr4	118000001	119000000	p
chr4	119000001	120000000	p
chr4	120000001	121000000	p
chr4	121000001	122000000	p
chr4	122000001	123000000	p
chr4	123000001	124000000	p
chr4	124000001	125000000	p
chr4	125000001	126000000	p
chr4	126000001	127000000	p
chr4	127000001	128000000	p
chr4	128000001	129000000	p
chr4	129000001	130000000	p
chr4	130000001	131000000	p
chr4	131000001	132000000	p
chr4	132000001	133000000	p
chr4	133000001	134000000	p
chr4	134000001	135000000	p
chr4	135000001	136000000	p
chr4	136000001	137000000	p
chr4	137000001	138000000	p
chr4	138000001	139000000	p
chr4	139000001	140000000	p
chr4	140000001	141000000	p
chr4	141000001	142000000	p
chr4	142000001	143000000	p
chr4	143000001	144000000	p
chr4	144000001	145000000	p
chr4	145000001	146000000	p
chr4	146000001	147000000	p
chr4	147000001	148000000	p
chr4	148000001	149000000	p
chr4	149000001	150000000	p
chr4	150000001	151000000	p
chr4	151000001	152000000	p
chr4	152000001	153000000	p
chr4	153000001	154000000	p
chr4	154000001	155000000	p
chr4	155000001	156000000	p
chr4	156000001	157000000	p
chr4	157000001	158000000	p
chr4	158000001	159000000	p
chr4	159000001	160000000	p
chr4	160000001	161000000	p
chr4	161000001	162000000	p
chr4	162000001	163000000	p
chr4	163000001	164000000	p
chr4	164000001	165000000	p
chr4	165000001	166000000	p
chr4	166000001	167000000	p
chr4	167000001	168000000	p
chr4	168000001	169000000	p
chr4	169000001	170000000	p
chr4	170000001	171000000	p
chr4	171000001	172000000	p
chr4	172000001	173000000	p
chr4	173000001	174000000	p
chr4	174000001	175000000	p
chr4	175000001	176000000	p
chr4	176000001	177000000	p
chr4	177000001	178000000	p
chr4	178000001	179000000	p
chr4	179000001	180000000	p
chr4	180000001	181000000	p
chr4	181000001	182000000	p
chr4	182000001	183000000	p
chr4	183000001	184000000	p
chr4	184000001	185000000	p
chr4	185000001	186000000	p
chr4	186000001	187000000	p
chr4	187000001	188000000	p
chr4	188000001	189000000	p
chr4	189000001	190000000	p
chr4	190000001	191000000	p
chr4	191000001	191154276	p
chr5	1	1000000	p
chr5	1000001	2000000	p
chr5	2000001	3000000	p
chr5	3000001	4000000	p
chr5	4000001	5000000	p
chr5	5000001	6000000	p
chr5	6000001	7000000	p
chr5	7000001	8000000	p
chr5	8000001	9000000	p
chr5	9000001	10000000	p
chr5	10000001	11000000	p
chr5	11000001	12000000	p
chr5	12000001	13000000	p
chr5	13000001	14000000	p
chr5	14000001	15000000	p
chr5	15000001	16000000	p
chr5	16000001	17000000	p
chr5	17000001	18000000	p
chr5	18000001	19000000	p
chr5	19000001	20000000	p
chr5	20000001	21000000	p
chr5	21000001	22000000	p
chr5	22000001	23000000	p
chr5	23000001	24000000	p
chr5	24000001	25000000	p
chr5	25000001	26000000	p
chr5	26000001	27000000	p
chr5	27000001	28000000	p
chr5	28000001	29000000	p
chr5	29000001	30000000	p
chr5	30000001	31000000	p
chr5	31000001	32000000	p
chr5	32000001	33000000	p
chr5	33000001	34000000	p
chr5	34000001	35000000	p
chr5	35000001	36000000	p
chr5	36000001	37000000	p
chr5	37000001	38000000	p
chr5	38000001	39000000	p
chr5	39000001	40000000	p
chr5	40000001	41000000	p
chr5	41000001	42000000	p
chr5	42000001	43000000	p
chr5	43000001	44000000	p
chr5	44000001	45000000	p
chr5	45000001	46000000	p
chr5	46000001	47000000	p
chr5	47000001	48000000	p
chr5	48000001	49000000	p
chr5	49000001	50000000	p
chr5	50000001	51000000	p
chr5	51000001	52000000	p
chr5	52000001	53000000	p
chr5	53000001	54000000	p
chr5	54000001	55000000	p
chr5	55000001	56000000	p
chr5	56000001	57000000	p
chr5	57000001	58000000	p
chr5	58000001	59000000	p
chr5	59000001	60000000	p
chr5	60000001	61000000	p
chr5	61000001	62000000	p
chr5	62000001	63000000	p
chr5	63000001	64000000	p
chr5	64000001	65000000	p
chr5	65000001	66000000	p
chr5	66000001	67000000	p
chr5	67000001	68000000	p
chr5	68000001	69000000	p
chr5	69000001	70000000	p
chr5	70000001	71000000	p
chr5	71000001	72000000	p
chr5	72000001	73000000	p
chr5	73000001	74000000	p
chr5	74000001	75000000	p
chr5	75000001	76000000	p
chr5	76000001	77000000	p
chr5	77000001	78000000	p
chr5	78000001	79000000	p
chr5	79000001	80000000	p
chr5	80000001	81000000	p
chr5	81000001	82000000	p
chr5	82000001	83000000	p
chr5	83000001	84000000	p
chr5	84000001	85000000	p
chr5	85000001	86000000	p
chr5	86000001	87000000	p
chr5	87000001	88000000	p
chr5	88000001	89000000	p
chr5	89000001	90000000	p
chr5	90000001	91000000	p
chr5	91000001	92000000	p
chr5	92000001	93000000	p
chr5	93000001	94000000	p
chr5	94000001	95000000	p
chr5	95000001	96000000	p
chr5	96000001	97000000	p
chr5	97000001	98000000	p
chr5	98000001	99000000	p
chr5	99000001	100000000	p
chr5	100000001	101000000	p
chr5	101000001	102000000	p
chr5	102000001	103000000	p
chr5	103000001	104000000	p
chr5	104000001	105000000	p
chr5	105000001	106000000	p
chr5	106000001	107000000	p
chr5	107000001	108000000	p
chr5	108000001	109000000	p
chr5	109000001	110000000	p
chr5	110000001	111000000	p
chr5	111000001	112000000	p
chr5	112000001	113000000	p
chr5	113000001	114000000	p
chr5	114000001	115000000	p
chr5	115000001	116000000	p
chr5	116000001	117000000	p
chr5	117000001	118000000	p
chr5	118000001	119000000	p
chr5	119000001	120000000	p
chr5	120000001	121000000	p
chr5	121000001	122000000	p
chr5	122000001	123000000	p
chr5	123000001	124000000	p
chr5	124000001	125000000	p
chr5	125000001	126000000	p
chr5	126000001	127000000	p
chr5	127000001	128000000	p
chr5	128000001	129000000	p
chr5	129000001	130000000	p
chr5	130000001	131000000	p
chr5	131000001	132000000	p
chr5	132000001	133000000	p
chr5	133000001	134000000	p
chr5	134000001	135000000	p
chr5	135000001	136000000	p
chr5	136000001	137000000	p
chr5	137000001	138000000	p
chr5	138000001	139000000	p
chr5	139000001	140000000	p
chr5	140000001	141000000	p
chr5	141000001	142000000	p
chr5	142000001	143000000	p
chr5	143000001	144000000	p
chr5	144000001	145000000	p
chr5	145000001	146000000	p
chr5	146000001	147000000	p
chr5	147000001	148000000	p
chr5	148000001	149000000	p
chr5	149000001	150000000	p
chr5	150000001	151000000	p
chr5	151000001	152000000	p
chr5	152000001	153000000	p
chr5	153000001	154000000	p
chr5	154000001	155000000	p
chr5	155000001	156000000	p
chr5	156000001	157000000	p
chr5	157000001	158000000	p
chr5	158000001	159000000	p
chr5	159000001	160000000	p
chr5	160000001	161000000	p
chr5	161000001	162000000	p
chr5	162000001	163000000	p
chr5	163000001	164000000	p
chr5	164000001	165000000	p
chr5	165000001	166000000	p
chr5	166000001	167000000	p
chr5	167000001	168000000	p
chr5	168000001	169000000	p
chr5	169000001	170000000	p
chr5	170000001	171000000	p
chr5	171000001	172000000	p
chr5	172000001	173000000	p
chr5	173000001	174000000	p
chr5	174000001	175000000	p
chr5	175000001	176000000	p
chr5	176000001	177000000	p
chr5	177000001	178000000	p
chr5	178000001	179000000	p
chr5	179000001	180000000	p
chr5	180000001	180915260	p
chr6	1	1000000	p
chr6	1000001	2000000	p
chr6	2000001	3000000	p
chr6	3000001	4000000	p
chr6	4000001	5000000	p
chr6	5000001	6000000	p
chr6	6000001	7000000	p
chr6	7000001	8000000	p
chr6	8000001	9000000	p
chr6	9000001	10000000	p
chr6	10000001	11000000	p
chr6	11000001	12000000	p
chr6	12000001	13000000	p
chr6	13000001	14000000	p
chr6	14000001	15000000	p
chr6	15000001	16000000	p
chr6	16000001	17000000	p
chr6	17000001	18000000	p
chr6	18000001	19000000	p
chr6	19000001	20000000	p
chr6	20000001	21000000	p
chr6	21000001	22000000	p
chr6	22000001	23000000	p
chr6	23000001	24000000	p
chr6	24000001	25000000	p
chr6	25000001	26000000	p
chr6	26000001	27000000	p
chr6	27000001	28000000	p
chr6	28000001	29000000	p
chr6	29000001	30000000	p
chr6	30000001	31000000	p
chr6	31000001	32000000	p
chr6	32000001	33000000	p
chr6	33000001	34000000	p
chr6	34000001	35000000	p
chr6	35000001	36000000	p
chr6	36000001	37000000	p
chr6	37000001	38000000	p
chr6	38000001	39000000	p
chr6	39000001	40000000	p
chr6	40000001	41000000	p
chr6	41000001	42000000	p
chr6	42000001	43000000	p
chr6	43000001	44000000	p
chr6	44000001	45000000	p
chr6	45000001	46000000	p
chr6	46000001	47000000	p
chr6	47000001	48000000	p
chr6	48000001	49000000	p
chr6	49000001	50000000	p
chr6	50000001	51000000	p
chr6	51000001	52000000	p
chr6	52000001	53000000	p
chr6	53000001	54000000	p
chr6	54000001	55000000	p
chr6	55000001	56000000	p
chr6	56000001	57000000	p
chr6	57000001	58000000	p
chr6	58000001	59000000	p
chr6	59000001	60000000	p
chr6	60000001	61000000	p
chr6	61000001	62000000	p
chr6	62000001	63000000	p
chr6	63000001	64000000	p
chr6	64000001	65000000	p
chr6	65000001	66000000	p
chr6	66000001	67000000	p
chr6	67000001	68000000	p
chr6	68000001	69000000	p
chr6	69000001	70000000	p
chr6	70000001	71000000	p
chr6	71000001	72000000	p
chr6	72000001	73000000	p
chr6	73000001	74000000	p
chr6	74000001	75000000	p
chr6	75000001	76000000	p
chr6	76000001	77000000	p
chr6	77000001	78000000	p
chr6	78000001	79000000	p
chr6	79000001	80000000	p
chr6	80000001	81000000	p
chr6	81000001	82000000	p
chr6	82000001	83000000	p
chr6	83000001	84000000	p
chr6	84000001	85000000	p
chr6	85000001	86000000	p
chr6	86000001	87000000	p
chr6	87000001	88000000	p
chr6	88000001	89000000	p
chr6	89000001	90000000	p
chr6	90000001	91000000	p
chr6	91000001	92000000	p
chr6	92000001	93000000	p
chr6	93000001	94000000	p
chr6	94000001	95000000	p
chr6	95000001	96000000	p
chr6	96000001	97000000	p
chr6	97000001	98000000	p
chr6	98000001	99000000	p
chr6	99000001	100000000	p
chr6	100000001	101000000	p
chr6	101000001	102000000	p
chr6	102000001	103000000	p
chr6	103000001	104000000	p
chr6	104000001	105000000	p
chr6	105000001	106000000	p
chr6	106000001	107000000	p
chr6	107000001	108000000	p
chr6	108000001	109000000	p
chr6	109000001	110000000	p
chr6	110000001	111000000	p
chr6	111000001	112000000	p
chr6	112000001	113000000	p
chr6	113000001	114000000	p
chr6	114000001	115000000	p
chr6	115000001	116000000	p
chr6	116000001	117000000	p
chr6	117000001	118000000	p
chr6	118000001	119000000	p
chr6	119000001	120000000	p
chr6	120000001	121000000	p
chr6	121000001	122000000	p
chr6	122000001	123000000	p
chr6	123000001	124000000	p
chr6	124000001	125000000	p
chr6	125000001	126000000	p
chr6	126000001	127000000	p
chr6	127000001	128000000	p
chr6	128000001	129000000	p
chr6	129000001	130000000	p
chr6	130000001	131000000	p
chr6	131000001	132000000	p
chr6	132000001	133000000	p
chr6	133000001	134000000	p
chr6	134000001	135000000	p
chr6	135000001	136000000	p
chr6	136000001	137000000	p
chr6	137000001	138000000	p
chr6	138000001	139000000	p
chr6	139000001	140000000	p
chr6	140000001	141000000	p
chr6	141000001	142000000	p
chr6	142000001	143000000	p
chr6	143000001	144000000	p
chr6	144000001	145000000	p
chr6	145000001	146000000	p
chr6	146000001	147000000	p
chr6	147000001	148000000	p
chr6	148000001	149000000	p
chr6	149000001	150000000	p
chr6	150000001	151000000	p
chr6	151000001	152000000	p
chr6	152000001	153000000	p
chr6	153000001	154000000	p
chr6	154000001	155000000	p
chr6	155000001	156000000	p
chr6	156000001	157000000	p
chr6	157000001	158000000	p
chr6	158000001	159000000	p
chr6	159000001	160000000	p
chr6	160000001	161000000	p
chr6	161000001	162000000	p
chr6	162000001	163000000	p
chr6	163000001	164000000	p
chr6	164000001	165000000	p
chr6	165000001	166000000	p
chr6	166000001	167000000	p
chr6	167000001	168000000	p
chr6	168000001	169000000	p
chr6	169000001	170000000	p
chr6	170000001	171000000	p
chr6	171000001	171115067	p
chr7	1	1000000	p
chr7	1000001	2000000	p
chr7	2000001	3000000	p
chr7	3000001	4000000	p
chr7	4000001	5000000	p
chr7	5000001	6000000	p
chr7	6000001	7000000	p
chr7	7000001	8000000	p
chr7	8000001	9000000	p
chr7	9000001	10000000	p
chr7	10000001	11000000	p
chr7	11000001	12000000	p
chr7	12000001	13000000	p
chr7	13000001	14000000	p
chr7	14000001	15000000	p
chr7	15000001	16000000	p
chr7	16000001	17000000	p
chr7	17000001	18000000	p
chr7	18000001	19000000	p
chr7	19000001	20000000	p
chr7	20000001	21000000	p
chr7	21000001	22000000	p
chr7	22000001	23000000	p
chr7	23000001	24000000	p
chr7	24000001	25000000	p
chr7	25000001	26000000	p
chr7	26000001	27000000	p
chr7	27000001	28000000	p
chr7	28000001	29000000	p
chr7	29000001	30000000	p
chr7	30000001	31000000	p
chr7	31000001	32000000	p
chr7	32000001	33000000	p
chr7	33000001	34000000	p
chr7	34000001	35000000	p
chr7	35000001	36000000	p
chr7	36000001	37000000	p
chr7	37000001	38000000	p
chr7	38000001	39000000	p
chr7	39000001	40000000	p
chr7	40000001	41000000	p
chr7	41000001	42000000	p
chr7	42000001	43000000	p
chr7	43000001	44000000	p
chr7	44000001	45000000	p
chr7	45000001	46000000	p
chr7	46000001	47000000	p
chr7	47000001	48000000	p
chr7	48000001	49000000	p
chr7	49000001	50000000	p
chr7	50000001	51000000	p
chr7	51000001	52000000	p
chr7	52000001	53000000	p
chr7	53000001	54000000	p
chr7	54000001	55000000	p
chr7	55000001	56000000	p
chr7	56000001	57000000	p
chr7	57000001	58000000	p
chr7	58000001	59000000	p
chr7	59000001	60000000	p
chr7	60000001	61000000	p
chr7	61000001	62000000	p
chr7	62000001	63000000	p
chr7	63000001	64000000	p
chr7	64000001	65000000	p
chr7	65000001	66000000	p
chr7	66000001	67000000	p
chr7	67000001	68000000	p
chr7	68000001	69000000	p
chr7	69000001	70000000	p
chr7	70000001	71000000	p
chr7	71000001	72000000	p
chr7	72000001	73000000	p
chr7	73000001	74000000	p
chr7	74000001	75000000	p
chr7	75000001	76000000	p
chr7	76000001	77000000	p
chr7	77000001	78000000	p
chr7	78000001	79000000	p
chr7	79000001	80000000	p
chr7	80000001	81000000	p
chr7	81000001	82000000	p
chr7	82000001	83000000	p
chr7	83000001	84000000	p
chr7	84000001	85000000	p
chr7	85000001	86000000	p
chr7	86000001	87000000	p
chr7	87000001	88000000	p
chr7	88000001	89000000	p
chr7	89000001	90000000	p
chr7	90000001	91000000	p
chr7	91000001	92000000	p
chr7	92000001	93000000	p
chr7	93000001	94000000	p
chr7	94000001	95000000	p
chr7	95000001	96000000	p
chr7	96000001	97000000	p
chr7	97000001	98000000	p
chr7	98000001	99000000	p
chr7	99000001	100000000	p
chr7	100000001	101000000	p
chr7	101000001	102000000	p
chr7	102000001	103000000	p
chr7	103000001	104000000	p
chr7	104000001	105000000	p
chr7	105000001	106000000	p
chr7	106000001	107000000	p
chr7	107000001	108000000	p
chr7	108000001	109000000	p
chr7	109000001	110000000	p
chr7	110000001	111000000	p
chr7	111000001	112000000	p
chr7	112000001	113000000	p
chr7	113000001	114000000	p
chr7	114000001	115000000	p
chr7	115000001	116000000	p
chr7	116000001	117000000	p
chr7	117000001	118000000	p
chr7	118000001	119000000	p
chr7	119000001	120000000	p
chr7	120000001	121000000	p
chr7	121000001	122000000	p
chr7	122000001	123000000	p
chr7	123000001	124000000	p
chr7	124000001	125000000	p
chr7	125000001	126000000	p
chr7	126000001	127000000	p
chr7	127000001	128000000	p
chr7	128000001	129000000	p
chr7	129000001	130000000	p
chr7	130000001	131000000	p
chr7	131000001	132000000	p
chr7	132000001	133000000	p
chr7	133000001	134000000	p
chr7	134000001	135000000	p
chr7	135000001	136000000	p
chr7	136000001	137000000	p
chr7	137000001	138000000	p
chr7	138000001	139000000	p
chr7	139000001	140000000	p
chr7	140000001	141000000	p
chr7	141000001	142000000	p
chr7	142000001	143000000	p
chr7	143000001	144000000	p
chr7	144000001	145000000	p
chr7	145000001	146000000	p
chr7	146000001	147000000	p
chr7	147000001	148000000	p
chr7	148000001	149000000	p
chr7	149000001	150000000	p
chr7	150000001	151000000	p
chr7	151000001	152000000	p
chr7	152000001	153000000	p
chr7	153000001	154000000	p
chr7	154000001	155000000	p
chr7	155000001	156000000	p
chr7	156000001	157000000	p
chr7	157000001	158000000	p
chr7	158000001	159000000	p
chr7	159000001	159138663	p
chr8	1	1000000	p
chr8	1000001	2000000	p
chr8	2000001	3000000	p
chr8	3000001	4000000	p
chr8	4000001	5000000	p
chr8	5000001	6000000	p
chr8	6000001	7000000	p
chr8	7000001	8000000	p
chr8	8000001	9000000	p
chr8	9000001	10000000	p
chr8	10000001	11000000	p
chr8	11000001	12000000	p
chr8	12000001	13000000	p
chr8	13000001	14000000	p
chr8	14000001	15000000	p
chr8	15000001	16000000	p
chr8	16000001	17000000	p
chr8	17000001	18000000	p
chr8	18000001	19000000	p
chr8	19000001	20000000	p
chr8	20000001	21000000	p
chr8	21000001	22000000	p
chr8	22000001	23000000	p
chr8	23000001	24000000	p
chr8	24000001	25000000	p
chr8	25000001	26000000	p
chr8	26000001	27000000	p
chr8	27000001	28000000	p
chr8	28000001	29000000	p
chr8	29000001	30000000	p
chr8	30000001	31000000	p
chr8	31000001	32000000	p
chr8	32000001	33000000	p
chr8	33000001	34000000	p
chr8	34000001	35000000	p
chr8	35000001	36000000	p
chr8	36000001	37000000	p
chr8	37000001	38000000	p
chr8	38000001	39000000	p
chr8	39000001	40000000	p
chr8	40000001	41000000	p
chr8	41000001	42000000	p
chr8	42000001	43000000	p
chr8	43000001	44000000	p
chr8	44000001	45000000	p
chr8	45000001	46000000	p
chr8	46000001	47000000	p
chr8	47000001	48000000	p
chr8	48000001	49000000	p
chr8	49000001	50000000	p
chr8	50000001	51000000	p
chr8	51000001	52000000	p
chr8	52000001	53000000	p
chr8	53000001	54000000	p
chr8	54000001	55000000	p
chr8	55000001	56000000	p
chr8	56000001	57000000	p
chr8	57000001	58000000	p
chr8	58000001	59000000	p
chr8	59000001	60000000	p
chr8	60000001	61000000	p
chr8	61000001	62000000	p
chr8	62000001	63000000	p
chr8	63000001	64000000	p
chr8	64000001	65000000	p
chr8	65000001	66000000	p
chr8	66000001	67000000	p
chr8	67000001	68000000	p
chr8	68000001	69000000	p
chr8	69000001	70000000	p
chr8	70000001	71000000	p
chr8	71000001	72000000	p
chr8	72000001	73000000	p
chr8	73000001	74000000	p
chr8	74000001	75000000	p
chr8	75000001	76000000	p
chr8	76000001	77000000	p
chr8	77000001	78000000	p
chr8	78000001	79000000	p
chr8	79000001	80000000	p
chr8	80000001	81000000	p
chr8	81000001	82000000	p
chr8	82000001	83000000	p
chr8	83000001	84000000	p
chr8	84000001	85000000	p
chr8	85000001	86000000	p
chr8	86000001	87000000	p
chr8	87000001	88000000	p
chr8	88000001	89000000	p
chr8	89000001	90000000	p
chr8	90000001	91000000	p
chr8	91000001	92000000	p
chr8	92000001	93000000	p
chr8	93000001	94000000	p
chr8	94000001	95000000	p
chr8	95000001	96000000	p
chr8	96000001	97000000	p
chr8	97000001	98000000	p
chr8	98000001	99000000	p
chr8	99000001	100000000	p
chr8	100000001	101000000	p
chr8	101000001	102000000	p
chr8	102000001	103000000	p
chr8	103000001	104000000	p
chr8	104000001	105000000	p
chr8	105000001	106000000	p
chr8	106000001	107000000	p
chr8	107000001	108000000	p
chr8	108000001	109000000	p
chr8	109000001	110000000	p
chr8	110000001	111000000	p
chr8	111000001	112000000	p
chr8	112000001	113000000	p
chr8	113000001	114000000	p
chr8	114000001	115000000	p
chr8	115000001	116000000	p
chr8	116000001	117000000	p
chr8	117000001	118000000	p
chr8	118000001	119000000	p
chr8	119000001	120000000	p
chr8	120000001	121000000	p
chr8	121000001	122000000	p
chr8	122000001	123000000	p
chr8	123000001	124000000	p
chr8	124000001	125000000	p
chr8	125000001	126000000	p
chr8	126000001	127000000	p
chr8	127000001	128000000	p
chr8	128000001	129000000	p
chr8	129000001	130000000	p
chr8	130000001	131000000	p
chr8	131000001	132000000	p
chr8	132000001	133000000	p
chr8	133000001	134000000	p
chr8	134000001	135000000	p
chr8	135000001	136000000	p
chr8	136000001	137000000	p
chr8	137000001	138000000	p
chr8	138000001	139000000	p
chr8	139000001	140000000	p
chr8	140000001	141000000	p
chr8	141000001	142000000	p
chr8	142000001	143000000	p
chr8	143000001	144000000	p
chr8	144000001	145000000	p
chr8	145000001	146000000	p
chr8	146000001	146364022	p
chr9	1	1000000	p
chr9	1000001	2000000	p
chr9	2000001	3000000	p
chr9	3000001	4000000	p
chr9	4000001	5000000	p
chr9	5000001	6000000	p
chr9	6000001	7000000	p
chr9	7000001	8000000	p
chr9	8000001	9000000	p
chr9	9000001	10000000	p
chr9	10000001	11000000	p
chr9	11000001	12000000	p
chr9	12000001	13000000	p
chr9	13000001	14000000	p
chr9	14000001	15000000	p
chr9	15000001	16000000	p
chr9	16000001	17000000	p
chr9	17000001	18000000	p
chr9	18000001	19000000	p
chr9	19000001	20000000	p
chr9	20000001	21000000	p
chr9	21000001	22000000	p
chr9	22000001	23000000	p
chr9	23000001	24000000	p
chr9	24000001	25000000	p
chr9	25000001	26000000	p
chr9	26000001	27000000	p
chr9	27000001	28000000	p
chr9	28000001	29000000	p
chr9	29000001	30000000	p
chr9	30000001	31000000	p
chr9	31000001	32000000	p
chr9	32000001	33000000	p
chr9	33000001	34000000	p
chr9	34000001	35000000	p
chr9	35000001	36000000	p
chr9	36000001	37000000	p
chr9	37000001	38000000	p
chr9	38000001	39000000	p
chr9	39000001	40000000	p
chr9	40000001	41000000	p
chr9	41000001	42000000	p
chr9	42000001	43000000	p
chr9	43000001	44000000	p
chr9	44000001	45000000	p
chr9	45000001	46000000	p
chr9	46000001	47000000	p
chr9	47000001	48000000	p
chr9	48000001	49000000	p
chr9	49000001	50000000	p
chr9	50000001	51000000	p
chr9	51000001	52000000	p
chr9	52000001	53000000	p
chr9	53000001	54000000	p
chr9	54000001	55000000	p
chr9	55000001	56000000	p
chr9	56000001	57000000	p
chr9	57000001	58000000	p
chr9	58000001	59000000	p
chr9	59000001	60000000	p
chr9	60000001	61000000	p
chr9	61000001	62000000	p
chr9	62000001	63000000	p
chr9	63000001	64000000	p
chr9	64000001	65000000	p
chr9	65000001	66000000	p
chr9	66000001	67000000	p
chr9	67000001	68000000	p
chr9	68000001	69000000	p
chr9	69000001	70000000	p
chr9	70000001	71000000	p
chr9	71000001	72000000	p
chr9	72000001	73000000	p
chr9	73000001	74000000	p
chr9	74000001	75000000	p
chr9	75000001	76000000	p
chr9	76000001	77000000	p
chr9	77000001	78000000	p
chr9	78000001	79000000	p
chr9	79000001	80000000	p
chr9	80000001	81000000	p
chr9	81000001	82000000	p
chr9	82000001	83000000	p
chr9	83000001	84000000	p
chr9	84000001	85000000	p
chr9	85000001	86000000	p
chr9	86000001	87000000	p
chr9	87000001	88000000	p
chr9	88000001	89000000	p
chr9	89000001	90000000	p
chr9	90000001	91000000	p
chr9	91000001	92000000	p
chr9	92000001	93000000	p
chr9	93000001	94000000	p
chr9	94000001	95000000	p
chr9	95000001	96000000	p
chr9	96000001	97000000	p
chr9	97000001	98000000	p
chr9	98000001	99000000	p
chr9	99000001	100000000	p
chr9	100000001	101000000	p
chr9	101000001	102000000	p
chr9	102000001	103000000	p
chr9	103000001	104000000	p
chr9	104000001	105000000	p
chr9	105000001	106000000	p
chr9	106000001	107000000	p
chr9	107000001	108000000	p
chr9	108000001	109000000	p
chr9	109000001	110000000	p
chr9	110000001	111000000	p
chr9	111000001	112000000	p
chr9	112000001	113000000	p
chr9	113000001	114000000	p
chr9	114000001	115000000	p
chr9	115000001	116000000	p
chr9	116000001	117000000	p
chr9	117000001	118000000	p
chr9	118000001	119000000	p
chr9	119000001	120000000	p
chr9	120000001	121000000	p
chr9	121000001	122000000	p
chr9	122000001	123000000	p
chr9	123000001	124000000	p
chr9	124000001	125000000	p
chr9	125000001	126000000	p
chr9	126000001	127000000	p
chr9	127000001	128000000	p
chr9	128000001	129000000	p
chr9	129000001	130000000	p
chr9	130000001	131000000	p
chr9	131000001	132000000	p
chr9	132000001	133000000	p
chr9	133000001	134000000	p
chr9	134000001	135000000	p
chr9	135000001	136000000	p
chr9	136000001	137000000	p
chr9	137000001	138000000	p
chr9	138000001	139000000	p
chr9	139000001	140000000	p
chr9	140000001	141000000	p
chr9	141000001	141213431	p
chr10	1	1000000	p
chr10	1000001	2000000	p
chr10	2000001	3000000	p
chr10	3000001	4000000	p
chr10	4000001	5000000	p
chr10	5000001	6000000	p
chr10	6000001	7000000	p
chr10	7000001	8000000	p
chr10	8000001	9000000	p
chr10	9000001	10000000	p
chr10	10000001	11000000	p
chr10	11000001	12000000	p
chr10	12000001	13000000	p
chr10	13000001	14000000	p
chr10	14000001	15000000	p
chr10	15000001	16000000	p
chr10	16000001	17000000	p
chr10	17000001	18000000	p
chr10	18000001	19000000	p
chr10	19000001	20000000	p
chr10	20000001	21000000	p
chr10	21000001	22000000	p
chr10	22000001	23000000	p
chr10	23000001	24000000	p
chr10	24000001	25000000	p
chr10	25000001	26000000	p
chr10	26000001	27000000	p
chr10	27000001	28000000	p
chr10	28000001	29000000	p
chr10	29000001	30000000	p
chr10	30000001	31000000	p
chr10	31000001	32000000	p
chr10	32000001	33000000	p
chr10	33000001	34000000	p
chr10	34000001	35000000	p
chr10	35000001	36000000	p
chr10	36000001	37000000	p
chr10	37000001	38000000	p
chr10	38000001	39000000	p
chr10	39000001	40000000	p
chr10	40000001	41000000	p
chr10	41000001	42000000	p
chr10	42000001	43000000	p
chr10	43000001	44000000	p
chr10	44000001	45000000	p
chr10	45000001	46000000	p
chr10	46000001	47000000	p
chr10	47000001	48000000	p
chr10	48000001	49000000	p
chr10	49000001	50000000	p
chr10	50000001	51000000	p
chr10	51000001	52000000	p
chr10	52000001	53000000	p
chr10	53000001	54000000	p
chr10	54000001	55000000	p
chr10	55000001	56000000	p
chr10	56000001	57000000	p
chr10	57000001	58000000	p
chr10	58000001	59000000	p
chr10	59000001	60000000	p
chr10	60000001	61000000	p
chr10	61000001	62000000	p
chr10	62000001	63000000	p
chr10	63000001	64000000	p
chr10	64000001	65000000	p
chr10	65000001	66000000	p
chr10	66000001	67000000	p
chr10	67000001	68000000	p
chr10	68000001	69000000	p
chr10	69000001	70000000	p
chr10	70000001	71000000	p
chr10	71000001	72000000	p
chr10	72000001	73000000	p
chr10	73000001	74000000	p
chr10	74000001	75000000	p
chr10	75000001	76000000	p
chr10	76000001	77000000	p
chr10	77000001	78000000	p
chr10	78000001	79000000	p
chr10	79000001	80000000	p
chr10	80000001	81000000	p
chr10	81000001	82000000	p
chr10	82000001	83000000	p
chr10	83000001	84000000	p
chr10	84000001	85000000	p
chr10	85000001	86000000	p
chr10	86000001	87000000	p
chr10	87000001	88000000	p
chr10	88000001	89000000	p
chr10	89000001	90000000	p
chr10	90000001	91000000	p
chr10	91000001	92000000	p
chr10	92000001	93000000	p
chr10	93000001	94000000	p
chr10	94000001	95000000	p
chr10	95000001	96000000	p
chr10	96000001	97000000	p
chr10	97000001	98000000	p
chr10	98000001	99000000	p
chr10	99000001	100000000	p
chr10	100000001	101000000	p
chr10	101000001	102000000	p
chr10	102000001	103000000	p
chr10	103000001	104000000	p
chr10	104000001	105000000	p
chr10	105000001	106000000	p
chr10	106000001	107000000	p
chr10	107000001	108000000	p
chr10	108000001	109000000	p
chr10	109000001	110000000	p
chr10	110000001	111000000	p
chr10	111000001	112000000	p
chr10	112000001	113000000	p
chr10	113000001	114000000	p
chr10	114000001	115000000	p
chr10	115000001	116000000	p
chr10	116000001	117000000	p
chr10	117000001	118000000	p
chr10	118000001	119000000	p
chr10	119000001	120000000	p
chr10	120000001	121000000	p
chr10	121000001	122000000	p
chr10	122000001	123000000	p
chr10	123000001	124000000	p
chr10	124000001	125000000	p
chr10	125000001	126000000	p
chr10	126000001	127000000	p
chr10	127000001	128000000	p
chr10	128000001	129000000	p
chr10	129000001	130000000	p
chr10	130000001	131000000	p
chr10	131000001	132000000	p
chr10	132000001	133000000	p
chr10	133000001	134000000	p
chr10	134000001	135000000	p
chr10	135000001	135534747	p
chr11	1	1000000	p
chr11	1000001	2000000	p
chr11	2000001	3000000	p
chr11	3000001	4000000	p
chr11	4000001	5000000	p
chr11	5000001	6000000	p
chr11	6000001	7000000	p
chr11	7000001	8000000	p
chr11	8000001	9000000	p
chr11	9000001	10000000	p
chr11	10000001	11000000	p
chr11	11000001	12000000	p
chr11	12000001	13000000	p
chr11	13000001	14000000	p
chr11	14000001	15000000	p
chr11	15000001	16000000	p
chr11	16000001	17000000	p
chr11	17000001	18000000	p
chr11	18000001	19000000	p
chr11	19000001	20000000	p
chr11	20000001	21000000	p
chr11	21000001	22000000	p
chr11	22000001	23000000	p
chr11	23000001	24000000	p
chr11	24000001	25000000	p
chr11	25000001	26000000	p
chr11	26000001	27000000	p
chr11	27000001	28000000	p
chr11	28000001	29000000	p
chr11	29000001	30000000	p
chr11	30000001	31000000	p
chr11	31000001	32000000	p
chr11	32000001	33000000	p
chr11	33000001	34000000	p
chr11	34000001	35000000	p
chr11	35000001	36000000	p
chr11	36000001	37000000	p
chr11	37000001	38000000	p
chr11	38000001	39000000	p
chr11	39000001	40000000	p
chr11	40000001	41000000	p
chr11	41000001	42000000	p
chr11	42000001	43000000	p
chr11	43000001	44000000	p
chr11	44000001	45000000	p
chr11	45000001	46000000	p
chr11	46000001	47000000	p
chr11	47000001	48000000	p
chr11	48000001	49000000	p
chr11	49000001	50000000	p
chr11	50000001	51000000	p
chr11	51000001	52000000	p
chr11	52000001	53000000	p
chr11	53000001	54000000	p
chr11	54000001	55000000	p
chr11	55000001	56000000	p
chr11	56000001	57000000	p
chr11	57000001	58000000	p
chr11	58000001	59000000	p
chr11	59000001	60000000	p
chr11	60000001	61000000	p
chr11	61000001	62000000	p
chr11	62000001	63000000	p
chr11	63000001	64000000	p
chr11	64000001	65000000	p
chr11	65000001	66000000	p
chr11	66000001	67000000	p
chr11	67000001	68000000	p
chr11	68000001	69000000	p
chr11	69000001	70000000	p
chr11	70000001	71000000	p
chr11	71000001	72000000	p
chr11	72000001	73000000	p
chr11	73000001	74000000	p
chr11	74000001	75000000	p
chr11	75000001	76000000	p
chr11	76000001	77000000	p
chr11	77000001	78000000	p
chr11	78000001	79000000	p
chr11	79000001	80000000	p
chr11	80000001	81000000	p
chr11	81000001	82000000	p
chr11	82000001	83000000	p
chr11	83000001	84000000	p
chr11	84000001	85000000	p
chr11	85000001	86000000	p
chr11	86000001	87000000	p
chr11	87000001	88000000	p
chr11	88000001	89000000	p
chr11	89000001	90000000	p
chr11	90000001	91000000	p
chr11	91000001	92000000	p
chr11	92000001	93000000	p
chr11	93000001	94000000	p
chr11	94000001	95000000	p
chr11	95000001	96000000	p
chr11	96000001	97000000	p
chr11	97000001	98000000	p
chr11	98000001	99000000	p
chr11	99000001	100000000	p
chr11	100000001	101000000	p
chr11	101000001	102000000	p
chr11	102000001	103000000	p
chr11	103000001	104000000	p
chr11	104000001	105000000	p
chr11	105000001	106000000	p
chr11	106000001	107000000	p
chr11	107000001	108000000	p
chr11	108000001	109000000	p
chr11	109000001	110000000	p
chr11	110000001	111000000	p
chr11	111000001	112000000	p
chr11	112000001	113000000	p
chr11	113000001	114000000	p
chr11	114000001	115000000	p
chr11	115000001	116000000	p
chr11	116000001	117000000	p
chr11	117000001	118000000	p
chr11	118000001	119000000	p
chr11	119000001	120000000	p
chr11	120000001	121000000	p
chr11	121000001	122000000	p
chr11	122000001	123000000	p
chr11	123000001	124000000	p
chr11	124000001	125000000	p
chr11	125000001	126000000	p
chr11	126000001	127000000	p
chr11	127000001	128000000	p
chr11	128000001	129000000	p
chr11	129000001	130000000	p
chr11	130000001	131000000	p
chr11	131000001	132000000	p
chr11	132000001	133000000	p
chr11	133000001	134000000	p
chr11	134000001	135000000	p
chr11	135000001	135006516	p
chr12	1	1000000	p
chr12	1000001	2000000	p
chr12	2000001	3000000	p
chr12	3000001	4000000	p
chr12	4000001	5000000	p
chr12	5000001	6000000	p
chr12	6000001	7000000	p
chr12	7000001	8000000	p
chr12	8000001	9000000	p
chr12	9000001	10000000	p
chr12	10000001	11000000	p
chr12	11000001	12000000	p
chr12	12000001	13000000	p
chr12	13000001	14000000	p
chr12	14000001	15000000	p
chr12	15000001	16000000	p
chr12	16000001	17000000	p
chr12	17000001	18000000	p
chr12	18000001	19000000	p
chr12	19000001	20000000	p
chr12	20000001	21000000	p
chr12	21000001	22000000	p
chr12	22000001	23000000	p
chr12	23000001	24000000	p
chr12	24000001	25000000	p
chr12	25000001	26000000	p
chr12	26000001	27000000	p
chr12	27000001	28000000	p
chr12	28000001	29000000	p
chr12	29000001	30000000	p
chr12	30000001	31000000	p
chr12	31000001	32000000	p
chr12	32000001	33000000	p
chr12	33000001	34000000	p
chr12	34000001	35000000	p
chr12	35000001	36000000	p
chr12	36000001	37000000	p
chr12	37000001	38000000	p
chr12	38000001	39000000	p
chr12	39000001	40000000	p
chr12	40000001	41000000	p
chr12	41000001	42000000	p
chr12	42000001	43000000	p
chr12	43000001	44000000	p
chr12	44000001	45000000	p
chr12	45000001	46000000	p
chr12	46000001	47000000	p
chr12	47000001	48000000	p
chr12	48000001	49000000	p
chr12	49000001	50000000	p
chr12	50000001	51000000	p
chr12	51000001	52000000	p
chr12	52000001	53000000	p
chr12	53000001	54000000	p
chr12	54000001	55000000	p
chr12	55000001	56000000	p
chr12	56000001	57000000	p
chr12	57000001	58000000	p
chr12	58000001	59000000	p
chr12	59000001	60000000	p
chr12	60000001	61000000	p
chr12	61000001	62000000	p
chr12	62000001	63000000	p
chr12	63000001	64000000	p
chr12	64000001	65000000	p
chr12	65000001	66000000	p
chr12	66000001	67000000	p
chr12	67000001	68000000	p
chr12	68000001	69000000	p
chr12	69000001	70000000	p
chr12	70000001	71000000	p
chr12	71000001	72000000	p
chr12	72000001	73000000	p
chr12	73000001	74000000	p
chr12	74000001	75000000	p
chr12	75000001	76000000	p
chr12	76000001	77000000	p
chr12	77000001	78000000	p
chr12	78000001	79000000	p
chr12	79000001	80000000	p
chr12	80000001	81000000	p
chr12	81000001	82000000	p
chr12	82000001	83000000	p
chr12	83000001	84000000	p
chr12	84000001	85000000	p
chr12	85000001	86000000	p
chr12	86000001	87000000	p
chr12	87000001	88000000	p
chr12	88000001	89000000	p
chr12	89000001	90000000	p
chr12	90000001	91000000	p
chr12	91000001	92000000	p
chr12	92000001	93000000	p
chr12	93000001	94000000	p
chr12	94000001	95000000	p
chr12	95000001	96000000	p
chr12	96000001	97000000	p
chr12	97000001	98000000	p
chr12	98000001	99000000	p
chr12	99000001	100000000	p
chr12	100000001	101000000	p
chr12	101000001	102000000	p
chr12	102000001	103000000	p
chr12	103000001	104000000	p
chr12	104000001	105000000	p
chr12	105000001	106000000	p
chr12	106000001	107000000	p
chr12	107000001	108000000	p
chr12	108000001	109000000	p
chr12	109000001	110000000	p
chr12	110000001	111000000	p
chr12	111000001	112000000	p
chr12	112000001	113000000	p
chr12	113000001	114000000	p
chr12	114000001	115000000	p
chr12	115000001	116000000	p
chr12	116000001	117000000	p
chr12	117000001	118000000	p
chr12	118000001	119000000	p
chr12	119000001	120000000	p
chr12	120000001	121000000	p
chr12	121000001	122000000	p
chr12	122000001	123000000	p
chr12	123000001	124000000	p
chr12	124000001	125000000	p
chr12	125000001	126000000	p
chr12	126000001	127000000	p
chr12	127000001	128000000	p
chr12	128000001	129000000	p
chr12	129000001	130000000	p
chr12	130000001	131000000	p
chr12	131000001	132000000	p
chr12	132000001	133000000	p
chr12	133000001	133851895	p
chr13	1	1000000	p
chr13	1000001	2000000	p
chr13	2000001	3000000	p
chr13	3000001	4000000	p
chr13	4000001	5000000	p
chr13	5000001	6000000	p
chr13	6000001	7000000	p
chr13	7000001	8000000	p
chr13	8000001	9000000	p
chr13	9000001	10000000	p
chr13	10000001	11000000	p
chr13	11000001	12000000	p
chr13	12000001	13000000	p
chr13	13000001	14000000	p
chr13	14000001	15000000	p
chr13	15000001	16000000	p
chr13	16000001	17000000	p
chr13	17000001	18000000	p
chr13	18000001	19000000	p
chr13	19000001	20000000	p
chr13	20000001	21000000	p
chr13	21000001	22000000	p
chr13	22000001	23000000	p
chr13	23000001	24000000	p
chr13	24000001	25000000	p
chr13	25000001	26000000	p
chr13	26000001	27000000	p
chr13	27000001	28000000	p
chr13	28000001	29000000	p
chr13	29000001	30000000	p
chr13	30000001	31000000	p
chr13	31000001	32000000	p
chr13	32000001	33000000	p
chr13	33000001	34000000	p
chr13	34000001	35000000	p
chr13	35000001	36000000	p
chr13	36000001	37000000	p
chr13	37000001	38000000	p
chr13	38000001	39000000	p
chr13	39000001	40000000	p
chr13	40000001	41000000	p
chr13	41000001	42000000	p
chr13	42000001	43000000	p
chr13	43000001	44000000	p
chr13	44000001	45000000	p
chr13	45000001	46000000	p
chr13	46000001	47000000	p
chr13	47000001	48000000	p
chr13	48000001	49000000	p
chr13	49000001	50000000	p
chr13	50000001	51000000	p
chr13	51000001	52000000	p
chr13	52000001	53000000	p
chr13	53000001	54000000	p
chr13	54000001	55000000	p
chr13	55000001	56000000	p
chr13	56000001	57000000	p
chr13	57000001	58000000	p
chr13	58000001	59000000	p
chr13	59000001	60000000	p
chr13	60000001	61000000	p
chr13	61000001	62000000	p
chr13	62000001	63000000	p
chr13	63000001	64000000	p
chr13	64000001	65000000	p
chr13	65000001	66000000	p
chr13	66000001	67000000	p
chr13	67000001	68000000	p
chr13	68000001	69000000	p
chr13	69000001	70000000	p
chr13	70000001	71000000	p
chr13	71000001	72000000	p
chr13	72000001	73000000	p
chr13	73000001	74000000	p
chr13	74000001	75000000	p
chr13	75000001	76000000	p
chr13	76000001	77000000	p
chr13	77000001	78000000	p
chr13	78000001	79000000	p
chr13	79000001	80000000	p
chr13	80000001	81000000	p
chr13	81000001	82000000	p
chr13	82000001	83000000	p
chr13	83000001	84000000	p
chr13	84000001	85000000	p
chr13	85000001	86000000	p
chr13	86000001	87000000	p
chr13	87000001	88000000	p
chr13	88000001	89000000	p
chr13	89000001	90000000	p
chr13	90000001	91000000	p
chr13	91000001	92000000	p
chr13	92000001	93000000	p
chr13	93000001	94000000	p
chr13	94000001	95000000	p
chr13	95000001	96000000	p
chr13	96000001	97000000	p
chr13	97000001	98000000	p
chr13	98000001	99000000	p
chr13	99000001	100000000	p
chr13	100000001	101000000	p
chr13	101000001	102000000	p
chr13	102000001	103000000	p
chr13	103000001	104000000	p
chr13	104000001	105000000	p
chr13	105000001	106000000	p
chr13	106000001	107000000	p
chr13	107000001	108000000	p
chr13	108000001	109000000	p
chr13	109000001	110000000	p
chr13	110000001	111000000	p
chr13	111000001	112000000	p
chr13	112000001	113000000	p
chr13	113000001	114000000	p
chr13	114000001	115000000	p
chr13	115000001	115169878	p
chr14	1	1000000	p
chr14	1000001	2000000	p
chr14	2000001	3000000	p
chr14	3000001	4000000	p
chr14	4000001	5000000	p
chr14	5000001	6000000	p
chr14	6000001	7000000	p
chr14	7000001	8000000	p
chr14	8000001	9000000	p
chr14	9000001	10000000	p
chr14	10000001	11000000	p
chr14	11000001	12000000	p
chr14	12000001	13000000	p
chr14	13000001	14000000	p
chr14	14000001	15000000	p
chr14	15000001	16000000	p
chr14	16000001	17000000	p
chr14	17000001	18000000	p
chr14	18000001	19000000	p
chr14	19000001	20000000	p
chr14	20000001	21000000	p
chr14	21000001	22000000	p
chr14	22000001	23000000	p
chr14	23000001	24000000	p
chr14	24000001	25000000	p
chr14	25000001	26000000	p
chr14	26000001	27000000	p
chr14	27000001	28000000	p
chr14	28000001	29000000	p
chr14	29000001	30000000	p
chr14	30000001	31000000	p
chr14	31000001	32000000	p
chr14	32000001	33000000	p
chr14	33000001	34000000	p
chr14	34000001	35000000	p
chr14	35000001	36000000	p
chr14	36000001	37000000	p
chr14	37000001	38000000	p
chr14	38000001	39000000	p
chr14	39000001	40000000	p
chr14	40000001	41000000	p
chr14	41000001	42000000	p
chr14	42000001	43000000	p
chr14	43000001	44000000	p
chr14	44000001	45000000	p
chr14	45000001	46000000	p
chr14	46000001	47000000	p
chr14	47000001	48000000	p
chr14	48000001	49000000	p
chr14	49000001	50000000	p
chr14	50000001	51000000	p
chr14	51000001	52000000	p
chr14	52000001	53000000	p
chr14	53000001	54000000	p
chr14	54000001	55000000	p
chr14	55000001	56000000	p
chr14	56000001	57000000	p
chr14	57000001	58000000	p
chr14	58000001	59000000	p
chr14	59000001	60000000	p
chr14	60000001	61000000	p
chr14	61000001	62000000	p
chr14	62000001	63000000	p
chr14	63000001	64000000	p
chr14	64000001	65000000	p
chr14	65000001	66000000	p
chr14	66000001	67000000	p
chr14	67000001	68000000	p
chr14	68000001	69000000	p
chr14	69000001	70000000	p
chr14	70000001	71000000	p
chr14	71000001	72000000	p
chr14	72000001	73000000	p
chr14	73000001	74000000	p
chr14	74000001	75000000	p
chr14	75000001	76000000	p
chr14	76000001	77000000	p
chr14	77000001	78000000	p
chr14	78000001	79000000	p
chr14	79000001	80000000	p
chr14	80000001	81000000	p
chr14	81000001	82000000	p
chr14	82000001	83000000	p
chr14	83000001	84000000	p
chr14	84000001	85000000	p
chr14	85000001	86000000	p
chr14	86000001	87000000	p
chr14	87000001	88000000	p
chr14	88000001	89000000	p
chr14	89000001	90000000	p
chr14	90000001	91000000	p
chr14	91000001	92000000	p
chr14	92000001	93000000	p
chr14	93000001	94000000	p
chr14	94000001	95000000	p
chr14	95000001	96000000	p
chr14	96000001	97000000	p
chr14	97000001	98000000	p
chr14	98000001	99000000	p
chr14	99000001	100000000	p
chr14	100000001	101000000	p
chr14	101000001	102000000	p
chr14	102000001	103000000	p
chr14	103000001	104000000	p
chr14	104000001	105000000	p
chr14	105000001	106000000	p
chr14	106000001	107000000	p
chr14	107000001	107349540	p
chr15	1	1000000	p
chr15	1000001	2000000	p
chr15	2000001	3000000	p
chr15	3000001	4000000	p
chr15	4000001	5000000	p
chr15	5000001	6000000	p
chr15	6000001	7000000	p
chr15	7000001	8000000	p
chr15	8000001	9000000	p
chr15	9000001	10000000	p
chr15	10000001	11000000	p
chr15	11000001	12000000	p
chr15	12000001	13000000	p
chr15	13000001	14000000	p
chr15	14000001	15000000	p
chr15	15000001	16000000	p
chr15	16000001	17000000	p
chr15	17000001	18000000	p
chr15	18000001	19000000	p
chr15	19000001	20000000	p
chr15	20000001	21000000	p
chr15	21000001	22000000	p
chr15	22000001	23000000	p
chr15	23000001	24000000	p
chr15	24000001	25000000	p
chr15	25000001	26000000	p
chr15	26000001	27000000	p
chr15	27000001	28000000	p
chr15	28000001	29000000	p
chr15	29000001	30000000	p
chr15	30000001	31000000	p
chr15	31000001	32000000	p
chr15	32000001	33000000	p
chr15	33000001	34000000	p
chr15	34000001	35000000	p
chr15	35000001	36000000	p
chr15	36000001	37000000	p
chr15	37000001	38000000	p
chr15	38000001	39000000	p
chr15	39000001	40000000	p
chr15	40000001	41000000	p
chr15	41000001	42000000	p
chr15	42000001	43000000	p
chr15	43000001	44000000	p
chr15	44000001	45000000	p
chr15	45000001	46000000	p
chr15	46000001	47000000	p
chr15	47000001	48000000	p
chr15	48000001	49000000	p
chr15	49000001	50000000	p
chr15	50000001	51000000	p
chr15	51000001	52000000	p
chr15	52000001	53000000	p
chr15	53000001	54000000	p
chr15	54000001	55000000	p
chr15	55000001	56000000	p
chr15	56000001	57000000	p
chr15	57000001	58000000	p
chr15	58000001	59000000	p
chr15	59000001	60000000	p
chr15	60000001	61000000	p
chr15	61000001	62000000	p
chr15	62000001	63000000	p
chr15	63000001	64000000	p
chr15	64000001	65000000	p
chr15	65000001	66000000	p
chr15	66000001	67000000	p
chr15	67000001	68000000	p
chr15	68000001	69000000	p
chr15	69000001	70000000	p
chr15	70000001	71000000	p
chr15	71000001	72000000	p
chr15	72000001	73000000	p
chr15	73000001	74000000	p
chr15	74000001	75000000	p
chr15	75000001	76000000	p
chr15	76000001	77000000	p
chr15	77000001	78000000	p
chr15	78000001	79000000	p
chr15	79000001	80000000	p
chr15	80000001	81000000	p
chr15	81000001	82000000	p
chr15	82000001	83000000	p
chr15	83000001	84000000	p
chr15	84000001	85000000	p
chr15	85000001	86000000	p
chr15	86000001	87000000	p
chr15	87000001	88000000	p
chr15	88000001	89000000	p
chr15	89000001	90000000	p
chr15	90000001	91000000	p
chr15	91000001	92000000	p
chr15	92000001	93000000	p
chr15	93000001	94000000	p
chr15	94000001	95000000	p
chr15	95000001	96000000	p
chr15	96000001	97000000	p
chr15	97000001	98000000	p
chr15	98000001	99000000	p
chr15	99000001	100000000	p
chr15	100000001	101000000	p
chr15	101000001	102000000	p
chr15	102000001	102531392	p
chr16	1	1000000	p
chr16	1000001	2000000	p
chr16	2000001	3000000	p
chr16	3000001	4000000	p
chr16	4000001	5000000	p
chr16	5000001	6000000	p
chr16	6000001	7000000	p
chr16	7000001	8000000	p
chr16	8000001	9000000	p
chr16	9000001	10000000	p
chr16	10000001	11000000	p
chr16	11000001	12000000	p
chr16	12000001	13000000	p
chr16	13000001	14000000	p
chr16	14000001	15000000	p
chr16	15000001	16000000	p
chr16	16000001	17000000	p
chr16	17000001	18000000	p
chr16	18000001	19000000	p
chr16	19000001	20000000	p
chr16	20000001	21000000	p
chr16	21000001	22000000	p
chr16	22000001	23000000	p
chr16	23000001	24000000	p
chr16	24000001	25000000	p
chr16	25000001	26000000	p
chr16	26000001	27000000	p
chr16	27000001	28000000	p
chr16	28000001	29000000	p
chr16	29000001	30000000	p
chr16	30000001	31000000	p
chr16	31000001	32000000	p
chr16	32000001	33000000	p
chr16	33000001	34000000	p
chr16	34000001	35000000	p
chr16	35000001	36000000	p
chr16	36000001	37000000	p
chr16	37000001	38000000	p
chr16	38000001	39000000	p
chr16	39000001	40000000	p
chr16	40000001	41000000	p
chr16	41000001	42000000	p
chr16	42000001	43000000	p
chr16	43000001	44000000	p
chr16	44000001	45000000	p
chr16	45000001	46000000	p
chr16	46000001	47000000	p
chr16	47000001	48000000	p
chr16	48000001	49000000	p
chr16	49000001	50000000	p
chr16	50000001	51000000	p
chr16	51000001	52000000	p
chr16	52000001	53000000	p
chr16	53000001	54000000	p
chr16	54000001	55000000	p
chr16	55000001	56000000	p
chr16	56000001	57000000	p
chr16	57000001	58000000	p
chr16	58000001	59000000	p
chr16	59000001	60000000	p
chr16	60000001	61000000	p
chr16	61000001	62000000	p
chr16	62000001	63000000	p
chr16	63000001	64000000	p
chr16	64000001	65000000	p
chr16	65000001	66000000	p
chr16	66000001	67000000	p
chr16	67000001	68000000	p
chr16	68000001	69000000	p
chr16	69000001	70000000	p
chr16	70000001	71000000	p
chr16	71000001	72000000	p
chr16	72000001	73000000	p
chr16	73000001	74000000	p
chr16	74000001	75000000	p
chr16	75000001	76000000	p
chr16	76000001	77000000	p
chr16	77000001	78000000	p
chr16	78000001	79000000	p
chr16	79000001	80000000	p
chr16	80000001	81000000	p
chr16	81000001	82000000	p
chr16	82000001	83000000	p
chr16	83000001	84000000	p
chr16	84000001	85000000	p
chr16	85000001	86000000	p
chr16	86000001	87000000	p
chr16	87000001	88000000	p
chr16	88000001	89000000	p
chr16	89000001	90000000	p
chr16	90000001	90354753	p
chr17	1	1000000	p
chr17	1000001	2000000	p
chr17	2000001	3000000	p
chr17	3000001	4000000	p
chr17	4000001	5000000	p
chr17	5000001	6000000	p
chr17	6000001	7000000	p
chr17	7000001	8000000	p
chr17	8000001	9000000	p
chr17	9000001	10000000	p
chr17	10000001	11000000	p
chr17	11000001	12000000	p
chr17	12000001	13000000	p
chr17	13000001	14000000	p
chr17	14000001	15000000	p
chr17	15000001	16000000	p
chr17	16000001	17000000	p
chr17	17000001	18000000	p
chr17	18000001	19000000	p
chr17	19000001	20000000	p
chr17	20000001	21000000	p
chr17	21000001	22000000	p
chr17	22000001	23000000	p
chr17	23000001	24000000	p
chr17	24000001	25000000	p
chr17	25000001	26000000	p
chr17	26000001	27000000	p
chr17	27000001	28000000	p
chr17	28000001	29000000	p
chr17	29000001	30000000	p
chr17	30000001	31000000	p
chr17	31000001	32000000	p
chr17	32000001	33000000	p
chr17	33000001	34000000	p
chr17	34000001	35000000	p
chr17	35000001	36000000	p
chr17	36000001	37000000	p
chr17	37000001	38000000	p
chr17	38000001	39000000	p
chr17	39000001	40000000	p
chr17	40000001	41000000	p
chr17	41000001	42000000	p
chr17	42000001	43000000	p
chr17	43000001	44000000	p
chr17	44000001	45000000	p
chr17	45000001	46000000	p
chr17	46000001	47000000	p
chr17	47000001	48000000	p
chr17	48000001	49000000	p
chr17	49000001	50000000	p
chr17	50000001	51000000	p
chr17	51000001	52000000	p
chr17	52000001	53000000	p
chr17	53000001	54000000	p
chr17	54000001	55000000	p
chr17	55000001	56000000	p
chr17	56000001	57000000	p
chr17	57000001	58000000	p
chr17	58000001	59000000	p
chr17	59000001	60000000	p
chr17	60000001	61000000	p
chr17	61000001	62000000	p
chr17	62000001	63000000	p
chr17	63000001	64000000	p
chr17	64000001	65000000	p
chr17	65000001	66000000	p
chr17	66000001	67000000	p
chr17	67000001	68000000	p
chr17	68000001	69000000	p
chr17	69000001	70000000	p
chr17	70000001	71000000	p
chr17	71000001	72000000	p
chr17	72000001	73000000	p
chr17	73000001	74000000	p
chr17	74000001	75000000	p
chr17	75000001	76000000	p
chr17	76000001	77000000	p
chr17	77000001	78000000	p
chr17	78000001	79000000	p
chr17	79000001	80000000	p
chr17	80000001	81000000	p
chr17	81000001	81195210	p
chr18	1	1000000	p
chr18	1000001	2000000	p
chr18	2000001	3000000	p
chr18	3000001	4000000	p
chr18	4000001	5000000	p
chr18	5000001	6000000	p
chr18	6000001	7000000	p
chr18	7000001	8000000	p
chr18	8000001	9000000	p
chr18	9000001	10000000	p
chr18	10000001	11000000	p
chr18	11000001	12000000	p
chr18	12000001	13000000	p
chr18	13000001	14000000	p
chr18	14000001	15000000	p
chr18	15000001	16000000	p
chr18	16000001	17000000	p
chr18	17000001	18000000	p
chr18	18000001	19000000	p
chr18	19000001	20000000	p
chr18	20000001	21000000	p
chr18	21000001	22000000	p
chr18	22000001	23000000	p
chr18	23000001	24000000	p
chr18	24000001	25000000	p
chr18	25000001	26000000	p
chr18	26000001	27000000	p
chr18	27000001	28000000	p
chr18	28000001	29000000	p
chr18	29000001	30000000	p
chr18	30000001	31000000	p
chr18	31000001	32000000	p
chr18	32000001	33000000	p
chr18	33000001	34000000	p
chr18	34000001	35000000	p
chr18	35000001	36000000	p
chr18	36000001	37000000	p
chr18	37000001	38000000	p
chr18	38000001	39000000	p
chr18	39000001	40000000	p
chr18	40000001	41000000	p
chr18	41000001	42000000	p
chr18	42000001	43000000	p
chr18	43000001	44000000	p
chr18	44000001	45000000	p
chr18	45000001	46000000	p
chr18	46000001	47000000	p
chr18	47000001	48000000	p
chr18	48000001	49000000	p
chr18	49000001	50000000	p
chr18	50000001	51000000	p
chr18	51000001	52000000	p
chr18	52000001	53000000	p
chr18	53000001	54000000	p
chr18	54000001	55000000	p
chr18	55000001	56000000	p
chr18	56000001	57000000	p
chr18	57000001	58000000	p
chr18	58000001	59000000	p
chr18	59000001	60000000	p
chr18	60000001	61000000	p
chr18	61000001	62000000	p
chr18	62000001	63000000	p
chr18	63000001	64000000	p
chr18	64000001	65000000	p
chr18	65000001	66000000	p
chr18	66000001	67000000	p
chr18	67000001	68000000	p
chr18	68000001	69000000	p
chr18	69000001	70000000	p
chr18	70000001	71000000	p
chr18	71000001	72000000	p
chr18	72000001	73000000	p
chr18	73000001	74000000	p
chr18	74000001	75000000	p
chr18	75000001	76000000	p
chr18	76000001	77000000	p
chr18	77000001	78000000	p
chr18	78000001	78077248	p
chr19	1	1000000	p
chr19	1000001	2000000	p
chr19	2000001	3000000	p
chr19	3000001	4000000	p
chr19	4000001	5000000	p
chr19	5000001	6000000	p
chr19	6000001	7000000	p
chr19	7000001	8000000	p
chr19	8000001	9000000	p
chr19	9000001	10000000	p
chr19	10000001	11000000	p
chr19	11000001	12000000	p
chr19	12000001	13000000	p
chr19	13000001	14000000	p
chr19	14000001	15000000	p
chr19	15000001	16000000	p
chr19	16000001	17000000	p
chr19	17000001	18000000	p
chr19	18000001	19000000	p
chr19	19000001	20000000	p
chr19	20000001	21000000	p
chr19	21000001	22000000	p
chr19	22000001	23000000	p
chr19	23000001	24000000	p
chr19	24000001	25000000	p
chr19	25000001	26000000	p
chr19	26000001	27000000	p
chr19	27000001	28000000	p
chr19	28000001	29000000	p
chr19	29000001	30000000	p
chr19	30000001	31000000	p
chr19	31000001	32000000	p
chr19	32000001	33000000	p
chr19	33000001	34000000	p
chr19	34000001	35000000	p
chr19	35000001	36000000	p
chr19	36000001	37000000	p
chr19	37000001	38000000	p
chr19	38000001	39000000	p
chr19	39000001	40000000	p
chr19	40000001	41000000	p
chr19	41000001	42000000	p
chr19	42000001	43000000	p
chr19	43000001	44000000	p
chr19	44000001	45000000	p
chr19	45000001	46000000	p
chr19	46000001	47000000	p
chr19	47000001	48000000	p
chr19	48000001	49000000	p
chr19	49000001	50000000	p
chr19	50000001	51000000	p
chr19	51000001	52000000	p
chr19	52000001	53000000	p
chr19	53000001	54000000	p
chr19	54000001	55000000	p
chr19	55000001	56000000	p
chr19	56000001	57000000	p
chr19	57000001	58000000	p
chr19	58000001	59000000	p
chr19	59000001	59128983	p
chr20	1	1000000	p
chr20	1000001	2000000	p
chr20	2000001	3000000	p
chr20	3000001	4000000	p
chr20	4000001	5000000	p
chr20	5000001	6000000	p
chr20	6000001	7000000	p
chr20	7000001	8000000	p
chr20	8000001	9000000	p
chr20	9000001	10000000	p
chr20	10000001	11000000	p
chr20	11000001	12000000	p
chr20	12000001	13000000	p
chr20	13000001	14000000	p
chr20	14000001	15000000	p
chr20	15000001	16000000	p
chr20	16000001	17000000	p
chr20	17000001	18000000	p
chr20	18000001	19000000	p
chr20	19000001	20000000	p
chr20	20000001	21000000	p
chr20	21000001	22000000	p
chr20	22000001	23000000	p
chr20	23000001	24000000	p
chr20	24000001	25000000	p
chr20	25000001	26000000	p
chr20	26000001	27000000	p
chr20	27000001	28000000	p
chr20	28000001	29000000	p
chr20	29000001	30000000	p
chr20	30000001	31000000	p
chr20	31000001	32000000	p
chr20	32000001	33000000	p
chr20	33000001	34000000	p
chr20	34000001	35000000	p
chr20	35000001	36000000	p
chr20	36000001	37000000	p
chr20	37000001	38000000	p
chr20	38000001	39000000	p
chr20	39000001	40000000	p
chr20	40000001	41000000	p
chr20	41000001	42000000	p
chr20	42000001	43000000	p
chr20	43000001	44000000	p
chr20	44000001	45000000	p
chr20	45000001	46000000	p
chr20	46000001	47000000	p
chr20	47000001	48000000	p
chr20	48000001	49000000	p
chr20	49000001	50000000	p
chr20	50000001	51000000	p
chr20	51000001	52000000	p
chr20	52000001	53000000	p
chr20	53000001	54000000	p
chr20	54000001	55000000	p
chr20	55000001	56000000	p
chr20	56000001	57000000	p
chr20	57000001	58000000	p
chr20	58000001	59000000	p
chr20	59000001	60000000	p
chr20	60000001	61000000	p
chr20	61000001	62000000	p
chr20	62000001	63000000	p
chr20	63000001	63025520	p
chr21	1	1000000	p
chr21	1000001	2000000	p
chr21	2000001	3000000	p
chr21	3000001	4000000	p
chr21	4000001	5000000	p
chr21	5000001	6000000	p
chr21	6000001	7000000	p
chr21	7000001	8000000	p
chr21	8000001	9000000	p
chr21	9000001	10000000	p
chr21	10000001	11000000	p
chr21	11000001	12000000	p
chr21	12000001	13000000	p
chr21	13000001	14000000	p
chr21	14000001	15000000	p
chr21	15000001	16000000	p
chr21	16000001	17000000	p
chr21	17000001	18000000	p
chr21	18000001	19000000	p
chr21	19000001	20000000	p
chr21	20000001	21000000	p
chr21	21000001	22000000	p
chr21	22000001	23000000	p
chr21	23000001	24000000	p
chr21	24000001	25000000	p
chr21	25000001	26000000	p
chr21	26000001	27000000	p
chr21	27000001	28000000	p
chr21	28000001	29000000	p
chr21	29000001	30000000	p
chr21	30000001	31000000	p
chr21	31000001	32000000	p
chr21	32000001	33000000	p
chr21	33000001	34000000	p
chr21	34000001	35000000	p
chr21	35000001	36000000	p
chr21	36000001	37000000	p
chr21	37000001	38000000	p
chr21	38000001	39000000	p
chr21	39000001	40000000	p
chr21	40000001	41000000	p
chr21	41000001	42000000	p
chr21	42000001	43000000	p
chr21	43000001	44000000	p
chr21	44000001	45000000	p
chr21	45000001	46000000	p
chr21	46000001	47000000	p
chr21	47000001	48000000	p
chr21	48000001	48129895	p
chr22	1	1000000	p
chr22	1000001	2000000	p
chr22	2000001	3000000	p
chr22	3000001	4000000	p
chr22	4000001	5000000	p
chr22	5000001	6000000	p
chr22	6000001	7000000	p
chr22	7000001	8000000	p
chr22	8000001	9000000	p
chr22	9000001	10000000	p
chr22	10000001	11000000	p
chr22	11000001	12000000	p
chr22	12000001	13000000	p
chr22	13000001	14000000	p
chr22	14000001	15000000	p
chr22	15000001	16000000	p
chr22	16000001	17000000	p
chr22	17000001	18000000	p
chr22	18000001	19000000	p
chr22	19000001	20000000	p
chr22	20000001	21000000	p
chr22	21000001	22000000	p
chr22	22000001	23000000	p
chr22	23000001	24000000	p
chr22	24000001	25000000	p
chr22	25000001	26000000	p
chr22	26000001	27000000	p
chr22	27000001	28000000	p
chr22	28000001	29000000	p
chr22	29000001	30000000	p
chr22	30000001	31000000	p
chr22	31000001	32000000	p
chr22	32000001	33000000	p
chr22	33000001	34000000	p
chr22	34000001	35000000	p
chr22	35000001	36000000	p
chr22	36000001	37000000	p
chr22	37000001	38000000	p
chr22	38000001	39000000	p
chr22	39000001	40000000	p
chr22	40000001	41000000	p
chr22	41000001	42000000	p
chr22	42000001	43000000	p
chr22	43000001	44000000	p
chr22	44000001	45000000	p
chr22	45000001	46000000	p
chr22	46000001	47000000	p
chr22	47000001	48000000	p
chr22	48000001	49000000	p
chr22	49000001	50000000	p
chr22	50000001	51000000	p
chr22	51000001	51304566	p
chrX	1	1000000	p
chrX	1000001	2000000	p
chrX	2000001	3000000	p
chrX	3000001	4000000	p
chrX	4000001	5000000	p
chrX	5000001	6000000	p
chrX	6000001	7000000	p
chrX	7000001	8000000	p
chrX	8000001	9000000	p
chrX	9000001	10000000	p
chrX	10000001	11000000	p
chrX	11000001	12000000	p
chrX	12000001	13000000	p
chrX	13000001	14000000	p
chrX	14000001	15000000	p
chrX	15000001	16000000	p
chrX	16000001	17000000	p
chrX	17000001	18000000	p
chrX	18000001	19000000	p
chrX	19000001	20000000	p
chrX	20000001	21000000	p
chrX	21000001	22000000	p
chrX	22000001	23000000	p
chrX	23000001	24000000	p
chrX	24000001	25000000	p
chrX	25000001	26000000	p
chrX	26000001	27000000	p
chrX	27000001	28000000	p
chrX	28000001	29000000	p
chrX	29000001	30000000	p
chrX	30000001	31000000	p
chrX	31000001	32000000	p
chrX	32000001	33000000	p
chrX	33000001	34000000	p
chrX	34000001	35000000	p
chrX	35000001	36000000	p
chrX	36000001	37000000	p
chrX	37000001	38000000	p
chrX	38000001	39000000	p
chrX	39000001	40000000	p
chrX	40000001	41000000	p
chrX	41000001	42000000	p
chrX	42000001	43000000	p
chrX	43000001	44000000	p
chrX	44000001	45000000	p
chrX	45000001	46000000	p
chrX	46000001	47000000	p
chrX	47000001	48000000	p
chrX	48000001	49000000	p
chrX	49000001	50000000	p
chrX	50000001	51000000	p
chrX	51000001	52000000	p
chrX	52000001	53000000	p
chrX	53000001	54000000	p
chrX	54000001	55000000	p
chrX	55000001	56000000	p
chrX	56000001	57000000	p
chrX	57000001	58000000	p
chrX	58000001	59000000	p
chrX	59000001	60000000	p
chrX	60000001	61000000	p
chrX	61000001	62000000	p
chrX	62000001	63000000	p
chrX	63000001	64000000	p
chrX	64000001	65000000	p
chrX	65000001	66000000	p
chrX	66000001	67000000	p
chrX	67000001	68000000	p
chrX	68000001	69000000	p
chrX	69000001	70000000	p
chrX	70000001	71000000	p
chrX	71000001	72000000	p
chrX	72000001	73000000	p
chrX	73000001	74000000	p
chrX	74000001	75000000	p
chrX	75000001	76000000	p
chrX	76000001	77000000	p
chrX	77000001	78000000	p
chrX	78000001	79000000	p
chrX	79000001	80000000	p
chrX	80000001	81000000	p
chrX	81000001	82000000	p
chrX	82000001	83000000	p
chrX	83000001	84000000	p
chrX	84000001	85000000	p
chrX	85000001	86000000	p
chrX	86000001	87000000	p
chrX	87000001	88000000	p
chrX	88000001	89000000	p
chrX	89000001	90000000	p
chrX	90000001	91000000	p
chrX	91000001	92000000	p
chrX	92000001	93000000	p
chrX	93000001	94000000	p
chrX	94000001	95000000	p
chrX	95000001	96000000	p
chrX	96000001	97000000	p
chrX	97000001	98000000	p
chrX	98000001	99000000	p
chrX	99000001	100000000	p
chrX	100000001	101000000	p
chrX	101000001	102000000	p
chrX	102000001	103000000	p
chrX	103000001	104000000	p
chrX	104000001	105000000	p
chrX	105000001	106000000	p
chrX	106000001	107000000	p
chrX	107000001	108000000	p
chrX	108000001	109000000	p
chrX	109000001	110000000	p
chrX	110000001	111000000	p
chrX	111000001	112000000	p
chrX	112000001	113000000	p
chrX	113000001	114000000	p
chrX	114000001	115000000	p
chrX	115000001	116000000	p
chrX	116000001	117000000	p
chrX	117000001	118000000	p
chrX	118000001	119000000	p
chrX	119000001	120000000	p
chrX	120000001	121000000	p
chrX	121000001	122000000	p
chrX	122000001	123000000	p
chrX	123000001	124000000	p
chrX	124000001	125000000	p
chrX	125000001	126000000	p
chrX	126000001	127000000	p
chrX	127000001	128000000	p
chrX	128000001	129000000	p
chrX	129000001	130000000	p
chrX	130000001	131000000	p
chrX	131000001	132000000	p
chrX	132000001	133000000	p
chrX	133000001	134000000	p
chrX	134000001	135000000	p
chrX	135000001	136000000	p
chrX	136000001	137000000	p
chrX	137000001	138000000	p
chrX	138000001	139000000	p
chrX	139000001	140000000	p
chrX	140000001	141000000	p
chrX	141000001	142000000	p
chrX	142000001	143000000	p
chrX	143000001	144000000	p
chrX	144000001	145000000	p
chrX	145000001	146000000	p
chrX	146000001	147000000	p
chrX	147000001	148000000	p
chrX	148000001	149000000	p
chrX	149000001	150000000	p
chrX	150000001	151000000	p
chrX	151000001	152000000	p
chrX	152000001	153000000	p
chrX	153000001	154000000	p
chrX	154000001	155000000	p
chrX	155000001	155270560	p
chrY	1	1000000	p
chrY	1000001	2000000	p
chrY	2000001	3000000	p
chrY	3000001	4000000	p
chrY	4000001	5000000	p
chrY	5000001	6000000	p
chrY	6000001	7000000	p
chrY	7000001	8000000	p
chrY	8000001	9000000	p
chrY	9000001	10000000	p
chrY	10000001	11000000	p
chrY	11000001	12000000	p
chrY	12000001	13000000	p
chrY	13000001	14000000	p
chrY	14000001	15000000	p
chrY	15000001	16000000	p
chrY	16000001	17000000	p
chrY	17000001	18000000	p
chrY	18000001	19000000	p
chrY	19000001	20000000	p
chrY	20000001	21000000	p
chrY	21000001	22000000	p
chrY	22000001	23000000	p
chrY	23000001	24000000	p
chrY	24000001	25000000	p
chrY	25000001	26000000	p
chrY	26000001	27000000	p
chrY	27000001	28000000	p
chrY	28000001	29000000	p
chrY	29000001	30000000	p
chrY	30000001	31000000	p
chrY	31000001	32000000	p
chrY	32000001	33000000	p
chrY	33000001	34000000	p
chrY	34000001	35000000	p
chrY	35000001	36000000	p
chrY	36000001	37000000	p
chrY	37000001	38000000	p
chrY	38000001	39000000	p
chrY	39000001	40000000	p
chrY	40000001	41000000	p
chrY	41000001	42000000	p
chrY	42000001	43000000	p
chrY	43000001	44000000	p
chrY	44000001	45000000	p
chrY	45000001	46000000	p
chrY	46000001	47000000	p
chrY	47000001	48000000	p
chrY	48000001	49000000	p
chrY	49000001	50000000	p
chrY	50000001	51000000	p
chrY	51000001	52000000	p
chrY	52000001	53000000	p
chrY	53000001	54000000	p
chrY	54000001	55000000	p
chrY	55000001	56000000	p
chrY	56000001	57000000	p
chrY	57000001	58000000	p
chrY	58000001	59000000	p
chrY	59000001	59373566	p
chrM	1	16571	p
